Country,Activity,Commodity,Sub-commodity,Measure,Year,Amount
Australia,production,bismuth_mine,nan,tonnes (metal content),1970,
Bolivia,production,bismuth_mine,nan,tonnes (metal content),1970,
Canada,production,bismuth_mine,nan,tonnes (metal content),1970,
China,production,bismuth_mine,nan,tonnes (metal content),1970,
France,production,bismuth_mine,nan,tonnes (metal content),1970,
German Federal Republic,production,bismuth_mine,nan,tonnes (metal content),1970,
Italy,production,bismuth_mine,nan,tonnes (metal content),1970,
Japan,production,bismuth_mine,nan,tonnes (metal content),1970,
Korea (Rep. of),production,bismuth_mine,nan,tonnes (metal content),1970,
Mexico,production,bismuth_mine,nan,tonnes (metal content),1970,
Peru,production,bismuth_mine,nan,tonnes (metal content),1970,
Romania,production,bismuth_mine,nan,tonnes (metal content),1970,
Soviet Union,production,bismuth_mine,nan,tonnes (metal content),1970,
Sweden,production,bismuth_mine,nan,tonnes (metal content),1970,
USA,production,bismuth_mine,nan,tonnes (metal content),1970,
Uganda,production,bismuth_mine,nan,tonnes (metal content),1970,
Yugoslavia,production,bismuth_mine,nan,tonnes (metal content),1970,
Bulgaria,production,bismuth_mine,nan,tonnes (metal content),1970,
Kazakhstan,production,bismuth_mine,nan,tonnes (metal content),1970,
Russia,production,bismuth_mine,nan,tonnes (metal content),1970,
Serbia and Montenegro,production,bismuth_mine,nan,tonnes (metal content),1970,
Tajikistan,production,bismuth_mine,nan,tonnes (metal content),1970,
Uzbekistan,production,bismuth_mine,nan,tonnes (metal content),1970,
Armenia,production,bismuth_mine,nan,tonnes (metal content),1970,
Vietnam,production,bismuth_mine,nan,tonnes (metal content),1970,
Australia,production,bismuth_mine,nan,tonnes (metal content),1971,
Bolivia,production,bismuth_mine,nan,tonnes (metal content),1971,
Canada,production,bismuth_mine,nan,tonnes (metal content),1971,
China,production,bismuth_mine,nan,tonnes (metal content),1971,
France,production,bismuth_mine,nan,tonnes (metal content),1971,
German Federal Republic,production,bismuth_mine,nan,tonnes (metal content),1971,
Italy,production,bismuth_mine,nan,tonnes (metal content),1971,
Japan,production,bismuth_mine,nan,tonnes (metal content),1971,
Korea (Rep. of),production,bismuth_mine,nan,tonnes (metal content),1971,
Mexico,production,bismuth_mine,nan,tonnes (metal content),1971,
Peru,production,bismuth_mine,nan,tonnes (metal content),1971,
Romania,production,bismuth_mine,nan,tonnes (metal content),1971,
Soviet Union,production,bismuth_mine,nan,tonnes (metal content),1971,
Sweden,production,bismuth_mine,nan,tonnes (metal content),1971,
USA,production,bismuth_mine,nan,tonnes (metal content),1971,
Uganda,production,bismuth_mine,nan,tonnes (metal content),1971,
Yugoslavia,production,bismuth_mine,nan,tonnes (metal content),1971,
Bulgaria,production,bismuth_mine,nan,tonnes (metal content),1971,
Kazakhstan,production,bismuth_mine,nan,tonnes (metal content),1971,
Russia,production,bismuth_mine,nan,tonnes (metal content),1971,
Serbia and Montenegro,production,bismuth_mine,nan,tonnes (metal content),1971,
Tajikistan,production,bismuth_mine,nan,tonnes (metal content),1971,
Uzbekistan,production,bismuth_mine,nan,tonnes (metal content),1971,
Armenia,production,bismuth_mine,nan,tonnes (metal content),1971,
Vietnam,production,bismuth_mine,nan,tonnes (metal content),1971,
Australia,production,bismuth_mine,nan,tonnes (metal content),1972,
Bolivia,production,bismuth_mine,nan,tonnes (metal content),1972,
Canada,production,bismuth_mine,nan,tonnes (metal content),1972,
China,production,bismuth_mine,nan,tonnes (metal content),1972,
France,production,bismuth_mine,nan,tonnes (metal content),1972,
German Federal Republic,production,bismuth_mine,nan,tonnes (metal content),1972,
Italy,production,bismuth_mine,nan,tonnes (metal content),1972,
Japan,production,bismuth_mine,nan,tonnes (metal content),1972,
Korea (Rep. of),production,bismuth_mine,nan,tonnes (metal content),1972,
Mexico,production,bismuth_mine,nan,tonnes (metal content),1972,
Peru,production,bismuth_mine,nan,tonnes (metal content),1972,
Romania,production,bismuth_mine,nan,tonnes (metal content),1972,
Soviet Union,production,bismuth_mine,nan,tonnes (metal content),1972,
Sweden,production,bismuth_mine,nan,tonnes (metal content),1972,
USA,production,bismuth_mine,nan,tonnes (metal content),1972,
Uganda,production,bismuth_mine,nan,tonnes (metal content),1972,
Yugoslavia,production,bismuth_mine,nan,tonnes (metal content),1972,
Bulgaria,production,bismuth_mine,nan,tonnes (metal content),1972,
Kazakhstan,production,bismuth_mine,nan,tonnes (metal content),1972,
Russia,production,bismuth_mine,nan,tonnes (metal content),1972,
Serbia and Montenegro,production,bismuth_mine,nan,tonnes (metal content),1972,
Tajikistan,production,bismuth_mine,nan,tonnes (metal content),1972,
Uzbekistan,production,bismuth_mine,nan,tonnes (metal content),1972,
Armenia,production,bismuth_mine,nan,tonnes (metal content),1972,
Vietnam,production,bismuth_mine,nan,tonnes (metal content),1972,
Australia,production,bismuth_mine,nan,tonnes (metal content),1973,
Bolivia,production,bismuth_mine,nan,tonnes (metal content),1973,
Canada,production,bismuth_mine,nan,tonnes (metal content),1973,
China,production,bismuth_mine,nan,tonnes (metal content),1973,
France,production,bismuth_mine,nan,tonnes (metal content),1973,
German Federal Republic,production,bismuth_mine,nan,tonnes (metal content),1973,
Italy,production,bismuth_mine,nan,tonnes (metal content),1973,
Japan,production,bismuth_mine,nan,tonnes (metal content),1973,
Korea (Rep. of),production,bismuth_mine,nan,tonnes (metal content),1973,
Mexico,production,bismuth_mine,nan,tonnes (metal content),1973,
Peru,production,bismuth_mine,nan,tonnes (metal content),1973,
Romania,production,bismuth_mine,nan,tonnes (metal content),1973,
Soviet Union,production,bismuth_mine,nan,tonnes (metal content),1973,
Sweden,production,bismuth_mine,nan,tonnes (metal content),1973,
USA,production,bismuth_mine,nan,tonnes (metal content),1973,
Uganda,production,bismuth_mine,nan,tonnes (metal content),1973,
Yugoslavia,production,bismuth_mine,nan,tonnes (metal content),1973,
Bulgaria,production,bismuth_mine,nan,tonnes (metal content),1973,
Kazakhstan,production,bismuth_mine,nan,tonnes (metal content),1973,
Russia,production,bismuth_mine,nan,tonnes (metal content),1973,
Serbia and Montenegro,production,bismuth_mine,nan,tonnes (metal content),1973,
Tajikistan,production,bismuth_mine,nan,tonnes (metal content),1973,
Uzbekistan,production,bismuth_mine,nan,tonnes (metal content),1973,
Armenia,production,bismuth_mine,nan,tonnes (metal content),1973,
Vietnam,production,bismuth_mine,nan,tonnes (metal content),1973,
Australia,production,bismuth_mine,nan,tonnes (metal content),1974,1170.0
Bolivia,production,bismuth_mine,nan,tonnes (metal content),1974,614.0
Canada,production,bismuth_mine,nan,tonnes (metal content),1974,111.0
China,production,bismuth_mine,nan,tonnes (metal content),1974,250.0
France,production,bismuth_mine,nan,tonnes (metal content),1974,57.0
German Federal Republic,production,bismuth_mine,nan,tonnes (metal content),1974,10.0
Italy,production,bismuth_mine,nan,tonnes (metal content),1974,0.0
Japan,production,bismuth_mine,nan,tonnes (metal content),1974,816.0
Korea (Rep. of),production,bismuth_mine,nan,tonnes (metal content),1974,131.0
Mexico,production,bismuth_mine,nan,tonnes (metal content),1974,718.0
Peru,production,bismuth_mine,nan,tonnes (metal content),1974,665.0
Romania,production,bismuth_mine,nan,tonnes (metal content),1974,80.0
Soviet Union,production,bismuth_mine,nan,tonnes (metal content),1974,60.0
Sweden,production,bismuth_mine,nan,tonnes (metal content),1974,15.0
USA,production,bismuth_mine,nan,tonnes (metal content),1974,400.0
Uganda,production,bismuth_mine,nan,tonnes (metal content),1974,4.0
Yugoslavia,production,bismuth_mine,nan,tonnes (metal content),1974,100.0
Bulgaria,production,bismuth_mine,nan,tonnes (metal content),1974,
Kazakhstan,production,bismuth_mine,nan,tonnes (metal content),1974,
Russia,production,bismuth_mine,nan,tonnes (metal content),1974,
Serbia and Montenegro,production,bismuth_mine,nan,tonnes (metal content),1974,
Tajikistan,production,bismuth_mine,nan,tonnes (metal content),1974,
Uzbekistan,production,bismuth_mine,nan,tonnes (metal content),1974,
Armenia,production,bismuth_mine,nan,tonnes (metal content),1974,
Vietnam,production,bismuth_mine,nan,tonnes (metal content),1974,
Australia,production,bismuth_mine,nan,tonnes (metal content),1975,883.0
Bolivia,production,bismuth_mine,nan,tonnes (metal content),1975,603.0
Canada,production,bismuth_mine,nan,tonnes (metal content),1975,157.0
China,production,bismuth_mine,nan,tonnes (metal content),1975,250.0
France,production,bismuth_mine,nan,tonnes (metal content),1975,73.0
German Federal Republic,production,bismuth_mine,nan,tonnes (metal content),1975,11.0
Italy,production,bismuth_mine,nan,tonnes (metal content),1975,0.0
Japan,production,bismuth_mine,nan,tonnes (metal content),1975,651.0
Korea (Rep. of),production,bismuth_mine,nan,tonnes (metal content),1975,113.0
Mexico,production,bismuth_mine,nan,tonnes (metal content),1975,445.0
Peru,production,bismuth_mine,nan,tonnes (metal content),1975,505.0
Romania,production,bismuth_mine,nan,tonnes (metal content),1975,80.0
Soviet Union,production,bismuth_mine,nan,tonnes (metal content),1975,60.0
Sweden,production,bismuth_mine,nan,tonnes (metal content),1975,15.0
USA,production,bismuth_mine,nan,tonnes (metal content),1975,400.0
Uganda,production,bismuth_mine,nan,tonnes (metal content),1975,4.0
Yugoslavia,production,bismuth_mine,nan,tonnes (metal content),1975,55.0
Bulgaria,production,bismuth_mine,nan,tonnes (metal content),1975,
Kazakhstan,production,bismuth_mine,nan,tonnes (metal content),1975,
Russia,production,bismuth_mine,nan,tonnes (metal content),1975,
Serbia and Montenegro,production,bismuth_mine,nan,tonnes (metal content),1975,
Tajikistan,production,bismuth_mine,nan,tonnes (metal content),1975,
Uzbekistan,production,bismuth_mine,nan,tonnes (metal content),1975,
Armenia,production,bismuth_mine,nan,tonnes (metal content),1975,
Vietnam,production,bismuth_mine,nan,tonnes (metal content),1975,
Australia,production,bismuth_mine,nan,tonnes (metal content),1976,769.0
Bolivia,production,bismuth_mine,nan,tonnes (metal content),1976,612.0
Canada,production,bismuth_mine,nan,tonnes (metal content),1976,130.0
China,production,bismuth_mine,nan,tonnes (metal content),1976,220.0
France,production,bismuth_mine,nan,tonnes (metal content),1976,100.0
German Federal Republic,production,bismuth_mine,nan,tonnes (metal content),1976,10.0
Italy,production,bismuth_mine,nan,tonnes (metal content),1976,0.0
Japan,production,bismuth_mine,nan,tonnes (metal content),1976,682.0
Korea (Rep. of),production,bismuth_mine,nan,tonnes (metal content),1976,174.0
Mexico,production,bismuth_mine,nan,tonnes (metal content),1976,557.0
Peru,production,bismuth_mine,nan,tonnes (metal content),1976,521.0
Romania,production,bismuth_mine,nan,tonnes (metal content),1976,80.0
Soviet Union,production,bismuth_mine,nan,tonnes (metal content),1976,60.0
Sweden,production,bismuth_mine,nan,tonnes (metal content),1976,
USA,production,bismuth_mine,nan,tonnes (metal content),1976,400.0
Uganda,production,bismuth_mine,nan,tonnes (metal content),1976,
Yugoslavia,production,bismuth_mine,nan,tonnes (metal content),1976,78.0
Bulgaria,production,bismuth_mine,nan,tonnes (metal content),1976,
Kazakhstan,production,bismuth_mine,nan,tonnes (metal content),1976,
Russia,production,bismuth_mine,nan,tonnes (metal content),1976,
Serbia and Montenegro,production,bismuth_mine,nan,tonnes (metal content),1976,
Tajikistan,production,bismuth_mine,nan,tonnes (metal content),1976,
Uzbekistan,production,bismuth_mine,nan,tonnes (metal content),1976,
Armenia,production,bismuth_mine,nan,tonnes (metal content),1976,
Vietnam,production,bismuth_mine,nan,tonnes (metal content),1976,
Australia,production,bismuth_mine,nan,tonnes (metal content),1977,932.0
Bolivia,production,bismuth_mine,nan,tonnes (metal content),1977,680.0
Canada,production,bismuth_mine,nan,tonnes (metal content),1977,165.0
China,production,bismuth_mine,nan,tonnes (metal content),1977,225.0
France,production,bismuth_mine,nan,tonnes (metal content),1977,73.0
German Federal Republic,production,bismuth_mine,nan,tonnes (metal content),1977,10.0
Italy,production,bismuth_mine,nan,tonnes (metal content),1977,8.0
Japan,production,bismuth_mine,nan,tonnes (metal content),1977,698.0
Korea (Rep. of),production,bismuth_mine,nan,tonnes (metal content),1977,134.0
Mexico,production,bismuth_mine,nan,tonnes (metal content),1977,729.0
Peru,production,bismuth_mine,nan,tonnes (metal content),1977,516.0
Romania,production,bismuth_mine,nan,tonnes (metal content),1977,80.0
Soviet Union,production,bismuth_mine,nan,tonnes (metal content),1977,65.0
Sweden,production,bismuth_mine,nan,tonnes (metal content),1977,15.0
USA,production,bismuth_mine,nan,tonnes (metal content),1977,400.0
Uganda,production,bismuth_mine,nan,tonnes (metal content),1977,
Yugoslavia,production,bismuth_mine,nan,tonnes (metal content),1977,74.0
Bulgaria,production,bismuth_mine,nan,tonnes (metal content),1977,
Kazakhstan,production,bismuth_mine,nan,tonnes (metal content),1977,
Russia,production,bismuth_mine,nan,tonnes (metal content),1977,
Serbia and Montenegro,production,bismuth_mine,nan,tonnes (metal content),1977,
Tajikistan,production,bismuth_mine,nan,tonnes (metal content),1977,
Uzbekistan,production,bismuth_mine,nan,tonnes (metal content),1977,
Armenia,production,bismuth_mine,nan,tonnes (metal content),1977,
Vietnam,production,bismuth_mine,nan,tonnes (metal content),1977,
Australia,production,bismuth_mine,nan,tonnes (metal content),1978,1054.0
Bolivia,production,bismuth_mine,nan,tonnes (metal content),1978,482.0
Canada,production,bismuth_mine,nan,tonnes (metal content),1978,145.0
China,production,bismuth_mine,nan,tonnes (metal content),1978,240.0
France,production,bismuth_mine,nan,tonnes (metal content),1978,79.0
German Federal Republic,production,bismuth_mine,nan,tonnes (metal content),1978,10.0
Italy,production,bismuth_mine,nan,tonnes (metal content),1978,9.0
Japan,production,bismuth_mine,nan,tonnes (metal content),1978,623.0
Korea (Rep. of),production,bismuth_mine,nan,tonnes (metal content),1978,122.0
Mexico,production,bismuth_mine,nan,tonnes (metal content),1978,978.0
Peru,production,bismuth_mine,nan,tonnes (metal content),1978,610.0
Romania,production,bismuth_mine,nan,tonnes (metal content),1978,80.0
Soviet Union,production,bismuth_mine,nan,tonnes (metal content),1978,70.0
Sweden,production,bismuth_mine,nan,tonnes (metal content),1978,
USA,production,bismuth_mine,nan,tonnes (metal content),1978,400.0
Uganda,production,bismuth_mine,nan,tonnes (metal content),1978,
Yugoslavia,production,bismuth_mine,nan,tonnes (metal content),1978,13.0
Bulgaria,production,bismuth_mine,nan,tonnes (metal content),1978,
Kazakhstan,production,bismuth_mine,nan,tonnes (metal content),1978,
Russia,production,bismuth_mine,nan,tonnes (metal content),1978,
Serbia and Montenegro,production,bismuth_mine,nan,tonnes (metal content),1978,
Tajikistan,production,bismuth_mine,nan,tonnes (metal content),1978,
Uzbekistan,production,bismuth_mine,nan,tonnes (metal content),1978,
Armenia,production,bismuth_mine,nan,tonnes (metal content),1978,
Vietnam,production,bismuth_mine,nan,tonnes (metal content),1978,
Australia,production,bismuth_mine,nan,tonnes (metal content),1979,1000.0
Bolivia,production,bismuth_mine,nan,tonnes (metal content),1979,10.0
Canada,production,bismuth_mine,nan,tonnes (metal content),1979,137.0
China,production,bismuth_mine,nan,tonnes (metal content),1979,260.0
France,production,bismuth_mine,nan,tonnes (metal content),1979,95.0
German Federal Republic,production,bismuth_mine,nan,tonnes (metal content),1979,
Italy,production,bismuth_mine,nan,tonnes (metal content),1979,19.0
Japan,production,bismuth_mine,nan,tonnes (metal content),1979,458.0
Korea (Rep. of),production,bismuth_mine,nan,tonnes (metal content),1979,87.0
Mexico,production,bismuth_mine,nan,tonnes (metal content),1979,754.0
Peru,production,bismuth_mine,nan,tonnes (metal content),1979,526.0
Romania,production,bismuth_mine,nan,tonnes (metal content),1979,80.0
Soviet Union,production,bismuth_mine,nan,tonnes (metal content),1979,73.0
Sweden,production,bismuth_mine,nan,tonnes (metal content),1979,
USA,production,bismuth_mine,nan,tonnes (metal content),1979,400.0
Uganda,production,bismuth_mine,nan,tonnes (metal content),1979,
Yugoslavia,production,bismuth_mine,nan,tonnes (metal content),1979,23.0
Bulgaria,production,bismuth_mine,nan,tonnes (metal content),1979,
Kazakhstan,production,bismuth_mine,nan,tonnes (metal content),1979,
Russia,production,bismuth_mine,nan,tonnes (metal content),1979,
Serbia and Montenegro,production,bismuth_mine,nan,tonnes (metal content),1979,
Tajikistan,production,bismuth_mine,nan,tonnes (metal content),1979,
Uzbekistan,production,bismuth_mine,nan,tonnes (metal content),1979,
Armenia,production,bismuth_mine,nan,tonnes (metal content),1979,
Vietnam,production,bismuth_mine,nan,tonnes (metal content),1979,
Australia,production,bismuth_mine,nan,tonnes (metal content),1980,1200.0
Bolivia,production,bismuth_mine,nan,tonnes (metal content),1980,11.0
Canada,production,bismuth_mine,nan,tonnes (metal content),1980,149.0
China,production,bismuth_mine,nan,tonnes (metal content),1980,260.0
France,production,bismuth_mine,nan,tonnes (metal content),1980,67.0
German Federal Republic,production,bismuth_mine,nan,tonnes (metal content),1980,
Italy,production,bismuth_mine,nan,tonnes (metal content),1980,43.0
Japan,production,bismuth_mine,nan,tonnes (metal content),1980,338.0
Korea (Rep. of),production,bismuth_mine,nan,tonnes (metal content),1980,123.0
Mexico,production,bismuth_mine,nan,tonnes (metal content),1980,770.0
Peru,production,bismuth_mine,nan,tonnes (metal content),1980,491.0
Romania,production,bismuth_mine,nan,tonnes (metal content),1980,80.0
Soviet Union,production,bismuth_mine,nan,tonnes (metal content),1980,72.0
Sweden,production,bismuth_mine,nan,tonnes (metal content),1980,
USA,production,bismuth_mine,nan,tonnes (metal content),1980,400.0
Uganda,production,bismuth_mine,nan,tonnes (metal content),1980,
Yugoslavia,production,bismuth_mine,nan,tonnes (metal content),1980,83.0
Bulgaria,production,bismuth_mine,nan,tonnes (metal content),1980,
Kazakhstan,production,bismuth_mine,nan,tonnes (metal content),1980,
Russia,production,bismuth_mine,nan,tonnes (metal content),1980,
Serbia and Montenegro,production,bismuth_mine,nan,tonnes (metal content),1980,
Tajikistan,production,bismuth_mine,nan,tonnes (metal content),1980,
Uzbekistan,production,bismuth_mine,nan,tonnes (metal content),1980,
Armenia,production,bismuth_mine,nan,tonnes (metal content),1980,
Vietnam,production,bismuth_mine,nan,tonnes (metal content),1980,
Australia,production,bismuth_mine,nan,tonnes (metal content),1981,1180.0
Bolivia,production,bismuth_mine,nan,tonnes (metal content),1981,11.0
Canada,production,bismuth_mine,nan,tonnes (metal content),1981,168.0
China,production,bismuth_mine,nan,tonnes (metal content),1981,260.0
France,production,bismuth_mine,nan,tonnes (metal content),1981,64.0
German Federal Republic,production,bismuth_mine,nan,tonnes (metal content),1981,
Italy,production,bismuth_mine,nan,tonnes (metal content),1981,15.0
Japan,production,bismuth_mine,nan,tonnes (metal content),1981,478.0
Korea (Rep. of),production,bismuth_mine,nan,tonnes (metal content),1981,100.0
Mexico,production,bismuth_mine,nan,tonnes (metal content),1981,656.0
Peru,production,bismuth_mine,nan,tonnes (metal content),1981,638.0
Romania,production,bismuth_mine,nan,tonnes (metal content),1981,80.0
Soviet Union,production,bismuth_mine,nan,tonnes (metal content),1981,75.0
Sweden,production,bismuth_mine,nan,tonnes (metal content),1981,
USA,production,bismuth_mine,nan,tonnes (metal content),1981,400.0
Uganda,production,bismuth_mine,nan,tonnes (metal content),1981,
Yugoslavia,production,bismuth_mine,nan,tonnes (metal content),1981,102.0
Bulgaria,production,bismuth_mine,nan,tonnes (metal content),1981,
Kazakhstan,production,bismuth_mine,nan,tonnes (metal content),1981,
Russia,production,bismuth_mine,nan,tonnes (metal content),1981,
Serbia and Montenegro,production,bismuth_mine,nan,tonnes (metal content),1981,
Tajikistan,production,bismuth_mine,nan,tonnes (metal content),1981,
Uzbekistan,production,bismuth_mine,nan,tonnes (metal content),1981,
Armenia,production,bismuth_mine,nan,tonnes (metal content),1981,
Vietnam,production,bismuth_mine,nan,tonnes (metal content),1981,
Australia,production,bismuth_mine,nan,tonnes (metal content),1982,700.0
Bolivia,production,bismuth_mine,nan,tonnes (metal content),1982,5.0
Canada,production,bismuth_mine,nan,tonnes (metal content),1982,189.0
China,production,bismuth_mine,nan,tonnes (metal content),1982,260.0
France,production,bismuth_mine,nan,tonnes (metal content),1982,78.0
German Federal Republic,production,bismuth_mine,nan,tonnes (metal content),1982,
Italy,production,bismuth_mine,nan,tonnes (metal content),1982,28.0
Japan,production,bismuth_mine,nan,tonnes (metal content),1982,486.0
Korea (Rep. of),production,bismuth_mine,nan,tonnes (metal content),1982,95.0
Mexico,production,bismuth_mine,nan,tonnes (metal content),1982,606.0
Peru,production,bismuth_mine,nan,tonnes (metal content),1982,760.0
Romania,production,bismuth_mine,nan,tonnes (metal content),1982,80.0
Soviet Union,production,bismuth_mine,nan,tonnes (metal content),1982,78.0
Sweden,production,bismuth_mine,nan,tonnes (metal content),1982,
USA,production,bismuth_mine,nan,tonnes (metal content),1982,400.0
Uganda,production,bismuth_mine,nan,tonnes (metal content),1982,
Yugoslavia,production,bismuth_mine,nan,tonnes (metal content),1982,49.0
Bulgaria,production,bismuth_mine,nan,tonnes (metal content),1982,
Kazakhstan,production,bismuth_mine,nan,tonnes (metal content),1982,
Russia,production,bismuth_mine,nan,tonnes (metal content),1982,
Serbia and Montenegro,production,bismuth_mine,nan,tonnes (metal content),1982,
Tajikistan,production,bismuth_mine,nan,tonnes (metal content),1982,
Uzbekistan,production,bismuth_mine,nan,tonnes (metal content),1982,
Armenia,production,bismuth_mine,nan,tonnes (metal content),1982,
Vietnam,production,bismuth_mine,nan,tonnes (metal content),1982,
Australia,production,bismuth_mine,nan,tonnes (metal content),1983,700.0
Bolivia,production,bismuth_mine,nan,tonnes (metal content),1983,6.0
Canada,production,bismuth_mine,nan,tonnes (metal content),1983,253.0
China,production,bismuth_mine,nan,tonnes (metal content),1983,260.0
France,production,bismuth_mine,nan,tonnes (metal content),1983,97.0
German Federal Republic,production,bismuth_mine,nan,tonnes (metal content),1983,
Italy,production,bismuth_mine,nan,tonnes (metal content),1983,22.0
Japan,production,bismuth_mine,nan,tonnes (metal content),1983,570.0
Korea (Rep. of),production,bismuth_mine,nan,tonnes (metal content),1983,100.0
Mexico,production,bismuth_mine,nan,tonnes (metal content),1983,545.0
Peru,production,bismuth_mine,nan,tonnes (metal content),1983,678.0
Romania,production,bismuth_mine,nan,tonnes (metal content),1983,80.0
Soviet Union,production,bismuth_mine,nan,tonnes (metal content),1983,80.0
Sweden,production,bismuth_mine,nan,tonnes (metal content),1983,
USA,production,bismuth_mine,nan,tonnes (metal content),1983,400.0
Uganda,production,bismuth_mine,nan,tonnes (metal content),1983,
Yugoslavia,production,bismuth_mine,nan,tonnes (metal content),1983,45.0
Bulgaria,production,bismuth_mine,nan,tonnes (metal content),1983,
Kazakhstan,production,bismuth_mine,nan,tonnes (metal content),1983,
Russia,production,bismuth_mine,nan,tonnes (metal content),1983,
Serbia and Montenegro,production,bismuth_mine,nan,tonnes (metal content),1983,
Tajikistan,production,bismuth_mine,nan,tonnes (metal content),1983,
Uzbekistan,production,bismuth_mine,nan,tonnes (metal content),1983,
Armenia,production,bismuth_mine,nan,tonnes (metal content),1983,
Vietnam,production,bismuth_mine,nan,tonnes (metal content),1983,
Australia,production,bismuth_mine,nan,tonnes (metal content),1984,700.0
Bolivia,production,bismuth_mine,nan,tonnes (metal content),1984,3.0
Canada,production,bismuth_mine,nan,tonnes (metal content),1984,166.0
China,production,bismuth_mine,nan,tonnes (metal content),1984,260.0
France,production,bismuth_mine,nan,tonnes (metal content),1984,79.0
German Federal Republic,production,bismuth_mine,nan,tonnes (metal content),1984,
Italy,production,bismuth_mine,nan,tonnes (metal content),1984,26.0
Japan,production,bismuth_mine,nan,tonnes (metal content),1984,560.0
Korea (Rep. of),production,bismuth_mine,nan,tonnes (metal content),1984,126.0
Mexico,production,bismuth_mine,nan,tonnes (metal content),1984,433.0
Peru,production,bismuth_mine,nan,tonnes (metal content),1984,650.0
Romania,production,bismuth_mine,nan,tonnes (metal content),1984,80.0
Soviet Union,production,bismuth_mine,nan,tonnes (metal content),1984,82.0
Sweden,production,bismuth_mine,nan,tonnes (metal content),1984,
USA,production,bismuth_mine,nan,tonnes (metal content),1984,400.0
Uganda,production,bismuth_mine,nan,tonnes (metal content),1984,
Yugoslavia,production,bismuth_mine,nan,tonnes (metal content),1984,30.0
Bulgaria,production,bismuth_mine,nan,tonnes (metal content),1984,
Kazakhstan,production,bismuth_mine,nan,tonnes (metal content),1984,
Russia,production,bismuth_mine,nan,tonnes (metal content),1984,
Serbia and Montenegro,production,bismuth_mine,nan,tonnes (metal content),1984,
Tajikistan,production,bismuth_mine,nan,tonnes (metal content),1984,
Uzbekistan,production,bismuth_mine,nan,tonnes (metal content),1984,
Armenia,production,bismuth_mine,nan,tonnes (metal content),1984,
Vietnam,production,bismuth_mine,nan,tonnes (metal content),1984,
Australia,production,bismuth_mine,nan,tonnes (metal content),1985,1400.0
Bolivia,production,bismuth_mine,nan,tonnes (metal content),1985,159.0
Canada,production,bismuth_mine,nan,tonnes (metal content),1985,201.0
China,production,bismuth_mine,nan,tonnes (metal content),1985,260.0
France,production,bismuth_mine,nan,tonnes (metal content),1985,70.0
German Federal Republic,production,bismuth_mine,nan,tonnes (metal content),1985,
Italy,production,bismuth_mine,nan,tonnes (metal content),1985,54.0
Japan,production,bismuth_mine,nan,tonnes (metal content),1985,642.0
Korea (Rep. of),production,bismuth_mine,nan,tonnes (metal content),1985,135.0
Mexico,production,bismuth_mine,nan,tonnes (metal content),1985,925.0
Peru,production,bismuth_mine,nan,tonnes (metal content),1985,785.0
Romania,production,bismuth_mine,nan,tonnes (metal content),1985,80.0
Soviet Union,production,bismuth_mine,nan,tonnes (metal content),1985,83.0
Sweden,production,bismuth_mine,nan,tonnes (metal content),1985,
USA,production,bismuth_mine,nan,tonnes (metal content),1985,400.0
Uganda,production,bismuth_mine,nan,tonnes (metal content),1985,
Yugoslavia,production,bismuth_mine,nan,tonnes (metal content),1985,68.0
Bulgaria,production,bismuth_mine,nan,tonnes (metal content),1985,
Kazakhstan,production,bismuth_mine,nan,tonnes (metal content),1985,
Russia,production,bismuth_mine,nan,tonnes (metal content),1985,
Serbia and Montenegro,production,bismuth_mine,nan,tonnes (metal content),1985,
Tajikistan,production,bismuth_mine,nan,tonnes (metal content),1985,
Uzbekistan,production,bismuth_mine,nan,tonnes (metal content),1985,
Armenia,production,bismuth_mine,nan,tonnes (metal content),1985,
Vietnam,production,bismuth_mine,nan,tonnes (metal content),1985,
Australia,production,bismuth_mine,nan,tonnes (metal content),1986,1000.0
Bolivia,production,bismuth_mine,nan,tonnes (metal content),1986,43.0
Canada,production,bismuth_mine,nan,tonnes (metal content),1986,153.0
China,production,bismuth_mine,nan,tonnes (metal content),1986,500.0
France,production,bismuth_mine,nan,tonnes (metal content),1986,95.0
German Federal Republic,production,bismuth_mine,nan,tonnes (metal content),1986,
Italy,production,bismuth_mine,nan,tonnes (metal content),1986,66.0
Japan,production,bismuth_mine,nan,tonnes (metal content),1986,640.0
Korea (Rep. of),production,bismuth_mine,nan,tonnes (metal content),1986,136.0
Mexico,production,bismuth_mine,nan,tonnes (metal content),1986,749.0
Peru,production,bismuth_mine,nan,tonnes (metal content),1986,605.0
Romania,production,bismuth_mine,nan,tonnes (metal content),1986,80.0
Soviet Union,production,bismuth_mine,nan,tonnes (metal content),1986,84.0
Sweden,production,bismuth_mine,nan,tonnes (metal content),1986,
USA,production,bismuth_mine,nan,tonnes (metal content),1986,400.0
Uganda,production,bismuth_mine,nan,tonnes (metal content),1986,
Yugoslavia,production,bismuth_mine,nan,tonnes (metal content),1986,21.0
Bulgaria,production,bismuth_mine,nan,tonnes (metal content),1986,
Kazakhstan,production,bismuth_mine,nan,tonnes (metal content),1986,
Russia,production,bismuth_mine,nan,tonnes (metal content),1986,
Serbia and Montenegro,production,bismuth_mine,nan,tonnes (metal content),1986,
Tajikistan,production,bismuth_mine,nan,tonnes (metal content),1986,
Uzbekistan,production,bismuth_mine,nan,tonnes (metal content),1986,
Armenia,production,bismuth_mine,nan,tonnes (metal content),1986,
Vietnam,production,bismuth_mine,nan,tonnes (metal content),1986,
Australia,production,bismuth_mine,nan,tonnes (metal content),1987,350.0
Bolivia,production,bismuth_mine,nan,tonnes (metal content),1987,1.0
Canada,production,bismuth_mine,nan,tonnes (metal content),1987,167.0
China,production,bismuth_mine,nan,tonnes (metal content),1987,600.0
France,production,bismuth_mine,nan,tonnes (metal content),1987,100.0
German Federal Republic,production,bismuth_mine,nan,tonnes (metal content),1987,
Italy,production,bismuth_mine,nan,tonnes (metal content),1987,44.0
Japan,production,bismuth_mine,nan,tonnes (metal content),1987,546.0
Korea (Rep. of),production,bismuth_mine,nan,tonnes (metal content),1987,145.0
Mexico,production,bismuth_mine,nan,tonnes (metal content),1987,1012.0
Peru,production,bismuth_mine,nan,tonnes (metal content),1987,438.0
Romania,production,bismuth_mine,nan,tonnes (metal content),1987,75.0
Soviet Union,production,bismuth_mine,nan,tonnes (metal content),1987,85.0
Sweden,production,bismuth_mine,nan,tonnes (metal content),1987,
USA,production,bismuth_mine,nan,tonnes (metal content),1987,100.0
Uganda,production,bismuth_mine,nan,tonnes (metal content),1987,
Yugoslavia,production,bismuth_mine,nan,tonnes (metal content),1987,73.0
Bulgaria,production,bismuth_mine,nan,tonnes (metal content),1987,
Kazakhstan,production,bismuth_mine,nan,tonnes (metal content),1987,
Russia,production,bismuth_mine,nan,tonnes (metal content),1987,
Serbia and Montenegro,production,bismuth_mine,nan,tonnes (metal content),1987,
Tajikistan,production,bismuth_mine,nan,tonnes (metal content),1987,
Uzbekistan,production,bismuth_mine,nan,tonnes (metal content),1987,
Armenia,production,bismuth_mine,nan,tonnes (metal content),1987,
Vietnam,production,bismuth_mine,nan,tonnes (metal content),1987,
Australia,production,bismuth_mine,nan,tonnes (metal content),1988,400.0
Bolivia,production,bismuth_mine,nan,tonnes (metal content),1988,13.0
Canada,production,bismuth_mine,nan,tonnes (metal content),1988,212.0
China,production,bismuth_mine,nan,tonnes (metal content),1988,750.0
France,production,bismuth_mine,nan,tonnes (metal content),1988,100.0
German Federal Republic,production,bismuth_mine,nan,tonnes (metal content),1988,
Italy,production,bismuth_mine,nan,tonnes (metal content),1988,32.0
Japan,production,bismuth_mine,nan,tonnes (metal content),1988,524.0
Korea (Rep. of),production,bismuth_mine,nan,tonnes (metal content),1988,132.0
Mexico,production,bismuth_mine,nan,tonnes (metal content),1988,958.0
Peru,production,bismuth_mine,nan,tonnes (metal content),1988,386.0
Romania,production,bismuth_mine,nan,tonnes (metal content),1988,65.0
Soviet Union,production,bismuth_mine,nan,tonnes (metal content),1988,85.0
Sweden,production,bismuth_mine,nan,tonnes (metal content),1988,
USA,production,bismuth_mine,nan,tonnes (metal content),1988,100.0
Uganda,production,bismuth_mine,nan,tonnes (metal content),1988,
Yugoslavia,production,bismuth_mine,nan,tonnes (metal content),1988,23.0
Bulgaria,production,bismuth_mine,nan,tonnes (metal content),1988,
Kazakhstan,production,bismuth_mine,nan,tonnes (metal content),1988,
Russia,production,bismuth_mine,nan,tonnes (metal content),1988,
Serbia and Montenegro,production,bismuth_mine,nan,tonnes (metal content),1988,
Tajikistan,production,bismuth_mine,nan,tonnes (metal content),1988,
Uzbekistan,production,bismuth_mine,nan,tonnes (metal content),1988,
Armenia,production,bismuth_mine,nan,tonnes (metal content),1988,
Vietnam,production,bismuth_mine,nan,tonnes (metal content),1988,
Australia,production,bismuth_mine,nan,tonnes (metal content),1989,400.0
Bolivia,production,bismuth_mine,nan,tonnes (metal content),1989,41.0
Canada,production,bismuth_mine,nan,tonnes (metal content),1989,205.0
China,production,bismuth_mine,nan,tonnes (metal content),1989,786.0
France,production,bismuth_mine,nan,tonnes (metal content),1989,110.0
German Federal Republic,production,bismuth_mine,nan,tonnes (metal content),1989,
Italy,production,bismuth_mine,nan,tonnes (metal content),1989,46.0
Japan,production,bismuth_mine,nan,tonnes (metal content),1989,502.0
Korea (Rep. of),production,bismuth_mine,nan,tonnes (metal content),1989,96.0
Mexico,production,bismuth_mine,nan,tonnes (metal content),1989,883.0
Peru,production,bismuth_mine,nan,tonnes (metal content),1989,687.0
Romania,production,bismuth_mine,nan,tonnes (metal content),1989,65.0
Soviet Union,production,bismuth_mine,nan,tonnes (metal content),1989,85.0
Sweden,production,bismuth_mine,nan,tonnes (metal content),1989,
USA,production,bismuth_mine,nan,tonnes (metal content),1989,100.0
Uganda,production,bismuth_mine,nan,tonnes (metal content),1989,
Yugoslavia,production,bismuth_mine,nan,tonnes (metal content),1989,40.0
Bulgaria,production,bismuth_mine,nan,tonnes (metal content),1989,
Kazakhstan,production,bismuth_mine,nan,tonnes (metal content),1989,
Russia,production,bismuth_mine,nan,tonnes (metal content),1989,
Serbia and Montenegro,production,bismuth_mine,nan,tonnes (metal content),1989,
Tajikistan,production,bismuth_mine,nan,tonnes (metal content),1989,
Uzbekistan,production,bismuth_mine,nan,tonnes (metal content),1989,
Armenia,production,bismuth_mine,nan,tonnes (metal content),1989,
Vietnam,production,bismuth_mine,nan,tonnes (metal content),1989,
Australia,production,bismuth_mine,nan,tonnes (metal content),1990,400.0
Bolivia,production,bismuth_mine,nan,tonnes (metal content),1990,68.0
Canada,production,bismuth_mine,nan,tonnes (metal content),1990,87.0
China,production,bismuth_mine,nan,tonnes (metal content),1990,1058.0
France,production,bismuth_mine,nan,tonnes (metal content),1990,70.0
German Federal Republic,production,bismuth_mine,nan,tonnes (metal content),1990,
Italy,production,bismuth_mine,nan,tonnes (metal content),1990,34.0
Japan,production,bismuth_mine,nan,tonnes (metal content),1990,442.0
Korea (Rep. of),production,bismuth_mine,nan,tonnes (metal content),1990,79.0
Mexico,production,bismuth_mine,nan,tonnes (metal content),1990,733.0
Peru,production,bismuth_mine,nan,tonnes (metal content),1990,555.0
Romania,production,bismuth_mine,nan,tonnes (metal content),1990,40.0
Soviet Union,production,bismuth_mine,nan,tonnes (metal content),1990,80.0
Sweden,production,bismuth_mine,nan,tonnes (metal content),1990,
USA,production,bismuth_mine,nan,tonnes (metal content),1990,100.0
Uganda,production,bismuth_mine,nan,tonnes (metal content),1990,
Yugoslavia,production,bismuth_mine,nan,tonnes (metal content),1990,9.0
Bulgaria,production,bismuth_mine,nan,tonnes (metal content),1990,
Kazakhstan,production,bismuth_mine,nan,tonnes (metal content),1990,
Russia,production,bismuth_mine,nan,tonnes (metal content),1990,
Serbia and Montenegro,production,bismuth_mine,nan,tonnes (metal content),1990,
Tajikistan,production,bismuth_mine,nan,tonnes (metal content),1990,
Uzbekistan,production,bismuth_mine,nan,tonnes (metal content),1990,
Armenia,production,bismuth_mine,nan,tonnes (metal content),1990,
Vietnam,production,bismuth_mine,nan,tonnes (metal content),1990,
Australia,production,bismuth_mine,nan,tonnes (metal content),1991,400.0
Bolivia,production,bismuth_mine,nan,tonnes (metal content),1991,
Canada,production,bismuth_mine,nan,tonnes (metal content),1991,65.0
China,production,bismuth_mine,nan,tonnes (metal content),1991,1040.0
France,production,bismuth_mine,nan,tonnes (metal content),1991,
German Federal Republic,production,bismuth_mine,nan,tonnes (metal content),1991,
Italy,production,bismuth_mine,nan,tonnes (metal content),1991,45.0
Japan,production,bismuth_mine,nan,tonnes (metal content),1991,461.0
Korea (Rep. of),production,bismuth_mine,nan,tonnes (metal content),1991,42.0
Mexico,production,bismuth_mine,nan,tonnes (metal content),1991,651.0
Peru,production,bismuth_mine,nan,tonnes (metal content),1991,610.0
Romania,production,bismuth_mine,nan,tonnes (metal content),1991,55.0
Soviet Union,production,bismuth_mine,nan,tonnes (metal content),1991,70.0
Sweden,production,bismuth_mine,nan,tonnes (metal content),1991,
USA,production,bismuth_mine,nan,tonnes (metal content),1991,100.0
Uganda,production,bismuth_mine,nan,tonnes (metal content),1991,
Yugoslavia,production,bismuth_mine,nan,tonnes (metal content),1991,22.0
Bulgaria,production,bismuth_mine,nan,tonnes (metal content),1991,
Kazakhstan,production,bismuth_mine,nan,tonnes (metal content),1991,
Russia,production,bismuth_mine,nan,tonnes (metal content),1991,
Serbia and Montenegro,production,bismuth_mine,nan,tonnes (metal content),1991,
Tajikistan,production,bismuth_mine,nan,tonnes (metal content),1991,
Uzbekistan,production,bismuth_mine,nan,tonnes (metal content),1991,
Armenia,production,bismuth_mine,nan,tonnes (metal content),1991,
Vietnam,production,bismuth_mine,nan,tonnes (metal content),1991,
Australia,production,bismuth_mine,nan,tonnes (metal content),1992,
Bolivia,production,bismuth_mine,nan,tonnes (metal content),1992,
Canada,production,bismuth_mine,nan,tonnes (metal content),1992,224.0
China,production,bismuth_mine,nan,tonnes (metal content),1992,820.0
France,production,bismuth_mine,nan,tonnes (metal content),1992,
German Federal Republic,production,bismuth_mine,nan,tonnes (metal content),1992,
Italy,production,bismuth_mine,nan,tonnes (metal content),1992,20.0
Japan,production,bismuth_mine,nan,tonnes (metal content),1992,530.0
Korea (Rep. of),production,bismuth_mine,nan,tonnes (metal content),1992,
Mexico,production,bismuth_mine,nan,tonnes (metal content),1992,807.0
Peru,production,bismuth_mine,nan,tonnes (metal content),1992,550.0
Romania,production,bismuth_mine,nan,tonnes (metal content),1992,50.0
Soviet Union,production,bismuth_mine,nan,tonnes (metal content),1992,
Sweden,production,bismuth_mine,nan,tonnes (metal content),1992,
USA,production,bismuth_mine,nan,tonnes (metal content),1992,100.0
Uganda,production,bismuth_mine,nan,tonnes (metal content),1992,
Yugoslavia,production,bismuth_mine,nan,tonnes (metal content),1992,
Bulgaria,production,bismuth_mine,nan,tonnes (metal content),1992,
Kazakhstan,production,bismuth_mine,nan,tonnes (metal content),1992,200.0
Russia,production,bismuth_mine,nan,tonnes (metal content),1992,
Serbia and Montenegro,production,bismuth_mine,nan,tonnes (metal content),1992,10.0
Tajikistan,production,bismuth_mine,nan,tonnes (metal content),1992,20.0
Uzbekistan,production,bismuth_mine,nan,tonnes (metal content),1992,15.0
Armenia,production,bismuth_mine,nan,tonnes (metal content),1992,
Vietnam,production,bismuth_mine,nan,tonnes (metal content),1992,
Australia,production,bismuth_mine,nan,tonnes (metal content),1993,
Bolivia,production,bismuth_mine,nan,tonnes (metal content),1993,
Canada,production,bismuth_mine,nan,tonnes (metal content),1993,144.0
China,production,bismuth_mine,nan,tonnes (metal content),1993,1052.0
France,production,bismuth_mine,nan,tonnes (metal content),1993,
German Federal Republic,production,bismuth_mine,nan,tonnes (metal content),1993,
Italy,production,bismuth_mine,nan,tonnes (metal content),1993,
Japan,production,bismuth_mine,nan,tonnes (metal content),1993,497.0
Korea (Rep. of),production,bismuth_mine,nan,tonnes (metal content),1993,
Mexico,production,bismuth_mine,nan,tonnes (metal content),1993,908.0
Peru,production,bismuth_mine,nan,tonnes (metal content),1993,1300.0
Romania,production,bismuth_mine,nan,tonnes (metal content),1993,40.0
Soviet Union,production,bismuth_mine,nan,tonnes (metal content),1993,
Sweden,production,bismuth_mine,nan,tonnes (metal content),1993,
USA,production,bismuth_mine,nan,tonnes (metal content),1993,100.0
Uganda,production,bismuth_mine,nan,tonnes (metal content),1993,
Yugoslavia,production,bismuth_mine,nan,tonnes (metal content),1993,
Bulgaria,production,bismuth_mine,nan,tonnes (metal content),1993,
Kazakhstan,production,bismuth_mine,nan,tonnes (metal content),1993,180.0
Russia,production,bismuth_mine,nan,tonnes (metal content),1993,25.0
Serbia and Montenegro,production,bismuth_mine,nan,tonnes (metal content),1993,5.0
Tajikistan,production,bismuth_mine,nan,tonnes (metal content),1993,16.0
Uzbekistan,production,bismuth_mine,nan,tonnes (metal content),1993,10.0
Armenia,production,bismuth_mine,nan,tonnes (metal content),1993,
Vietnam,production,bismuth_mine,nan,tonnes (metal content),1993,
Australia,production,bismuth_mine,nan,tonnes (metal content),1994,
Bolivia,production,bismuth_mine,nan,tonnes (metal content),1994,
Canada,production,bismuth_mine,nan,tonnes (metal content),1994,152.0
China,production,bismuth_mine,nan,tonnes (metal content),1994,850.0
France,production,bismuth_mine,nan,tonnes (metal content),1994,
German Federal Republic,production,bismuth_mine,nan,tonnes (metal content),1994,
Italy,production,bismuth_mine,nan,tonnes (metal content),1994,
Japan,production,bismuth_mine,nan,tonnes (metal content),1994,505.0
Korea (Rep. of),production,bismuth_mine,nan,tonnes (metal content),1994,
Mexico,production,bismuth_mine,nan,tonnes (metal content),1994,1047.0
Peru,production,bismuth_mine,nan,tonnes (metal content),1994,1210.0
Romania,production,bismuth_mine,nan,tonnes (metal content),1994,40.0
Soviet Union,production,bismuth_mine,nan,tonnes (metal content),1994,
Sweden,production,bismuth_mine,nan,tonnes (metal content),1994,
USA,production,bismuth_mine,nan,tonnes (metal content),1994,100.0
Uganda,production,bismuth_mine,nan,tonnes (metal content),1994,
Yugoslavia,production,bismuth_mine,nan,tonnes (metal content),1994,
Bulgaria,production,bismuth_mine,nan,tonnes (metal content),1994,40.0
Kazakhstan,production,bismuth_mine,nan,tonnes (metal content),1994,85.0
Russia,production,bismuth_mine,nan,tonnes (metal content),1994,25.0
Serbia and Montenegro,production,bismuth_mine,nan,tonnes (metal content),1994,
Tajikistan,production,bismuth_mine,nan,tonnes (metal content),1994,12.0
Uzbekistan,production,bismuth_mine,nan,tonnes (metal content),1994,10.0
Armenia,production,bismuth_mine,nan,tonnes (metal content),1994,
Vietnam,production,bismuth_mine,nan,tonnes (metal content),1994,
Australia,production,bismuth_mine,nan,tonnes (metal content),1995,
Bolivia,production,bismuth_mine,nan,tonnes (metal content),1995,
Canada,production,bismuth_mine,nan,tonnes (metal content),1995,187.0
China,production,bismuth_mine,nan,tonnes (metal content),1995,739.0
France,production,bismuth_mine,nan,tonnes (metal content),1995,
German Federal Republic,production,bismuth_mine,nan,tonnes (metal content),1995,
Italy,production,bismuth_mine,nan,tonnes (metal content),1995,
Japan,production,bismuth_mine,nan,tonnes (metal content),1995,591.0
Korea (Rep. of),production,bismuth_mine,nan,tonnes (metal content),1995,
Mexico,production,bismuth_mine,nan,tonnes (metal content),1995,995.0
Peru,production,bismuth_mine,nan,tonnes (metal content),1995,900.0
Romania,production,bismuth_mine,nan,tonnes (metal content),1995,40.0
Soviet Union,production,bismuth_mine,nan,tonnes (metal content),1995,
Sweden,production,bismuth_mine,nan,tonnes (metal content),1995,
USA,production,bismuth_mine,nan,tonnes (metal content),1995,100.0
Uganda,production,bismuth_mine,nan,tonnes (metal content),1995,
Yugoslavia,production,bismuth_mine,nan,tonnes (metal content),1995,
Bulgaria,production,bismuth_mine,nan,tonnes (metal content),1995,40.0
Kazakhstan,production,bismuth_mine,nan,tonnes (metal content),1995,33.0
Russia,production,bismuth_mine,nan,tonnes (metal content),1995,23.0
Serbia and Montenegro,production,bismuth_mine,nan,tonnes (metal content),1995,
Tajikistan,production,bismuth_mine,nan,tonnes (metal content),1995,11.0
Uzbekistan,production,bismuth_mine,nan,tonnes (metal content),1995,
Armenia,production,bismuth_mine,nan,tonnes (metal content),1995,
Vietnam,production,bismuth_mine,nan,tonnes (metal content),1995,
Australia,production,bismuth_mine,nan,tonnes (metal content),1996,
Bolivia,production,bismuth_mine,nan,tonnes (metal content),1996,
Canada,production,bismuth_mine,nan,tonnes (metal content),1996,176.0
China,production,bismuth_mine,nan,tonnes (metal content),1996,360.0
France,production,bismuth_mine,nan,tonnes (metal content),1996,
German Federal Republic,production,bismuth_mine,nan,tonnes (metal content),1996,
Italy,production,bismuth_mine,nan,tonnes (metal content),1996,
Japan,production,bismuth_mine,nan,tonnes (metal content),1996,562.0
Korea (Rep. of),production,bismuth_mine,nan,tonnes (metal content),1996,
Mexico,production,bismuth_mine,nan,tonnes (metal content),1996,1070.0
Peru,production,bismuth_mine,nan,tonnes (metal content),1996,1000.0
Romania,production,bismuth_mine,nan,tonnes (metal content),1996,40.0
Soviet Union,production,bismuth_mine,nan,tonnes (metal content),1996,
Sweden,production,bismuth_mine,nan,tonnes (metal content),1996,
USA,production,bismuth_mine,nan,tonnes (metal content),1996,100.0
Uganda,production,bismuth_mine,nan,tonnes (metal content),1996,
Yugoslavia,production,bismuth_mine,nan,tonnes (metal content),1996,
Bulgaria,production,bismuth_mine,nan,tonnes (metal content),1996,40.0
Kazakhstan,production,bismuth_mine,nan,tonnes (metal content),1996,15.0
Russia,production,bismuth_mine,nan,tonnes (metal content),1996,10.0
Serbia and Montenegro,production,bismuth_mine,nan,tonnes (metal content),1996,
Tajikistan,production,bismuth_mine,nan,tonnes (metal content),1996,5.0
Uzbekistan,production,bismuth_mine,nan,tonnes (metal content),1996,
Armenia,production,bismuth_mine,nan,tonnes (metal content),1996,
Vietnam,production,bismuth_mine,nan,tonnes (metal content),1996,
Australia,production,bismuth_mine,nan,tonnes (metal content),1997,
Bolivia,production,bismuth_mine,nan,tonnes (metal content),1997,
Canada,production,bismuth_mine,nan,tonnes (metal content),1997,230.0
China,production,bismuth_mine,nan,tonnes (metal content),1997,548.0
France,production,bismuth_mine,nan,tonnes (metal content),1997,
German Federal Republic,production,bismuth_mine,nan,tonnes (metal content),1997,
Italy,production,bismuth_mine,nan,tonnes (metal content),1997,
Japan,production,bismuth_mine,nan,tonnes (metal content),1997,550.0
Korea (Rep. of),production,bismuth_mine,nan,tonnes (metal content),1997,
Mexico,production,bismuth_mine,nan,tonnes (metal content),1997,1642.0
Peru,production,bismuth_mine,nan,tonnes (metal content),1997,774.0
Romania,production,bismuth_mine,nan,tonnes (metal content),1997,40.0
Soviet Union,production,bismuth_mine,nan,tonnes (metal content),1997,
Sweden,production,bismuth_mine,nan,tonnes (metal content),1997,
USA,production,bismuth_mine,nan,tonnes (metal content),1997,50.0
Uganda,production,bismuth_mine,nan,tonnes (metal content),1997,
Yugoslavia,production,bismuth_mine,nan,tonnes (metal content),1997,
Bulgaria,production,bismuth_mine,nan,tonnes (metal content),1997,40.0
Kazakhstan,production,bismuth_mine,nan,tonnes (metal content),1997,13.0
Russia,production,bismuth_mine,nan,tonnes (metal content),1997,10.0
Serbia and Montenegro,production,bismuth_mine,nan,tonnes (metal content),1997,
Tajikistan,production,bismuth_mine,nan,tonnes (metal content),1997,5.0
Uzbekistan,production,bismuth_mine,nan,tonnes (metal content),1997,
Armenia,production,bismuth_mine,nan,tonnes (metal content),1997,
Vietnam,production,bismuth_mine,nan,tonnes (metal content),1997,
Australia,production,bismuth_mine,nan,tonnes (metal content),1998,
Bolivia,production,bismuth_mine,nan,tonnes (metal content),1998,
Canada,production,bismuth_mine,nan,tonnes (metal content),1998,219.0
China,production,bismuth_mine,nan,tonnes (metal content),1998,239.0
France,production,bismuth_mine,nan,tonnes (metal content),1998,
German Federal Republic,production,bismuth_mine,nan,tonnes (metal content),1998,
Italy,production,bismuth_mine,nan,tonnes (metal content),1998,
Japan,production,bismuth_mine,nan,tonnes (metal content),1998,479.0
Korea (Rep. of),production,bismuth_mine,nan,tonnes (metal content),1998,
Mexico,production,bismuth_mine,nan,tonnes (metal content),1998,1204.0
Peru,production,bismuth_mine,nan,tonnes (metal content),1998,832.0
Romania,production,bismuth_mine,nan,tonnes (metal content),1998,40.0
Soviet Union,production,bismuth_mine,nan,tonnes (metal content),1998,
Sweden,production,bismuth_mine,nan,tonnes (metal content),1998,
USA,production,bismuth_mine,nan,tonnes (metal content),1998,
Uganda,production,bismuth_mine,nan,tonnes (metal content),1998,
Yugoslavia,production,bismuth_mine,nan,tonnes (metal content),1998,
Bulgaria,production,bismuth_mine,nan,tonnes (metal content),1998,40.0
Kazakhstan,production,bismuth_mine,nan,tonnes (metal content),1998,
Russia,production,bismuth_mine,nan,tonnes (metal content),1998,10.0
Serbia and Montenegro,production,bismuth_mine,nan,tonnes (metal content),1998,
Tajikistan,production,bismuth_mine,nan,tonnes (metal content),1998,5.0
Uzbekistan,production,bismuth_mine,nan,tonnes (metal content),1998,
Armenia,production,bismuth_mine,nan,tonnes (metal content),1998,
Vietnam,production,bismuth_mine,nan,tonnes (metal content),1998,
Australia,production,bismuth_mine,nan,tonnes (metal content),1999,
Bolivia,production,bismuth_mine,nan,tonnes (metal content),1999,
Canada,production,bismuth_mine,nan,tonnes (metal content),1999,255.0
China,production,bismuth_mine,nan,tonnes (metal content),1999,2682.0
France,production,bismuth_mine,nan,tonnes (metal content),1999,
German Federal Republic,production,bismuth_mine,nan,tonnes (metal content),1999,
Italy,production,bismuth_mine,nan,tonnes (metal content),1999,
Japan,production,bismuth_mine,nan,tonnes (metal content),1999,481.0
Korea (Rep. of),production,bismuth_mine,nan,tonnes (metal content),1999,
Mexico,production,bismuth_mine,nan,tonnes (metal content),1999,548.0
Peru,production,bismuth_mine,nan,tonnes (metal content),1999,705.0
Romania,production,bismuth_mine,nan,tonnes (metal content),1999,40.0
Soviet Union,production,bismuth_mine,nan,tonnes (metal content),1999,
Sweden,production,bismuth_mine,nan,tonnes (metal content),1999,
USA,production,bismuth_mine,nan,tonnes (metal content),1999,
Uganda,production,bismuth_mine,nan,tonnes (metal content),1999,
Yugoslavia,production,bismuth_mine,nan,tonnes (metal content),1999,
Bulgaria,production,bismuth_mine,nan,tonnes (metal content),1999,40.0
Kazakhstan,production,bismuth_mine,nan,tonnes (metal content),1999,
Russia,production,bismuth_mine,nan,tonnes (metal content),1999,50.0
Serbia and Montenegro,production,bismuth_mine,nan,tonnes (metal content),1999,
Tajikistan,production,bismuth_mine,nan,tonnes (metal content),1999,5.0
Uzbekistan,production,bismuth_mine,nan,tonnes (metal content),1999,
Armenia,production,bismuth_mine,nan,tonnes (metal content),1999,
Vietnam,production,bismuth_mine,nan,tonnes (metal content),1999,
Australia,production,bismuth_mine,nan,tonnes (metal content),2000,
Bolivia,production,bismuth_mine,nan,tonnes (metal content),2000,
Canada,production,bismuth_mine,nan,tonnes (metal content),2000,243.0
China,production,bismuth_mine,nan,tonnes (metal content),2000,1122.0
France,production,bismuth_mine,nan,tonnes (metal content),2000,
German Federal Republic,production,bismuth_mine,nan,tonnes (metal content),2000,
Italy,production,bismuth_mine,nan,tonnes (metal content),2000,
Japan,production,bismuth_mine,nan,tonnes (metal content),2000,520.0
Korea (Rep. of),production,bismuth_mine,nan,tonnes (metal content),2000,
Mexico,production,bismuth_mine,nan,tonnes (metal content),2000,1112.0
Peru,production,bismuth_mine,nan,tonnes (metal content),2000,744.0
Romania,production,bismuth_mine,nan,tonnes (metal content),2000,40.0
Soviet Union,production,bismuth_mine,nan,tonnes (metal content),2000,
Sweden,production,bismuth_mine,nan,tonnes (metal content),2000,
USA,production,bismuth_mine,nan,tonnes (metal content),2000,
Uganda,production,bismuth_mine,nan,tonnes (metal content),2000,
Yugoslavia,production,bismuth_mine,nan,tonnes (metal content),2000,
Bulgaria,production,bismuth_mine,nan,tonnes (metal content),2000,40.0
Kazakhstan,production,bismuth_mine,nan,tonnes (metal content),2000,241.0
Russia,production,bismuth_mine,nan,tonnes (metal content),2000,50.0
Serbia and Montenegro,production,bismuth_mine,nan,tonnes (metal content),2000,
Tajikistan,production,bismuth_mine,nan,tonnes (metal content),2000,5.0
Uzbekistan,production,bismuth_mine,nan,tonnes (metal content),2000,
Armenia,production,bismuth_mine,nan,tonnes (metal content),2000,
Vietnam,production,bismuth_mine,nan,tonnes (metal content),2000,
Australia,production,bismuth_mine,nan,tonnes (metal content),2001,
Bolivia,production,bismuth_mine,nan,tonnes (metal content),2001,
Canada,production,bismuth_mine,nan,tonnes (metal content),2001,310.0
China,production,bismuth_mine,nan,tonnes (metal content),2001,1245.0
France,production,bismuth_mine,nan,tonnes (metal content),2001,
German Federal Republic,production,bismuth_mine,nan,tonnes (metal content),2001,
Italy,production,bismuth_mine,nan,tonnes (metal content),2001,
Japan,production,bismuth_mine,nan,tonnes (metal content),2001,551.0
Korea (Rep. of),production,bismuth_mine,nan,tonnes (metal content),2001,
Mexico,production,bismuth_mine,nan,tonnes (metal content),2001,1390.0
Peru,production,bismuth_mine,nan,tonnes (metal content),2001,640.0
Romania,production,bismuth_mine,nan,tonnes (metal content),2001,40.0
Soviet Union,production,bismuth_mine,nan,tonnes (metal content),2001,
Sweden,production,bismuth_mine,nan,tonnes (metal content),2001,
USA,production,bismuth_mine,nan,tonnes (metal content),2001,
Uganda,production,bismuth_mine,nan,tonnes (metal content),2001,
Yugoslavia,production,bismuth_mine,nan,tonnes (metal content),2001,
Bulgaria,production,bismuth_mine,nan,tonnes (metal content),2001,40.0
Kazakhstan,production,bismuth_mine,nan,tonnes (metal content),2001,252.0
Russia,production,bismuth_mine,nan,tonnes (metal content),2001,50.0
Serbia and Montenegro,production,bismuth_mine,nan,tonnes (metal content),2001,
Tajikistan,production,bismuth_mine,nan,tonnes (metal content),2001,5.0
Uzbekistan,production,bismuth_mine,nan,tonnes (metal content),2001,
Armenia,production,bismuth_mine,nan,tonnes (metal content),2001,
Vietnam,production,bismuth_mine,nan,tonnes (metal content),2001,
Australia,production,bismuth_mine,nan,tonnes (metal content),2002,
Bolivia,production,bismuth_mine,nan,tonnes (metal content),2002,20.0
Canada,production,bismuth_mine,nan,tonnes (metal content),2002,244.0
China,production,bismuth_mine,nan,tonnes (metal content),2002,944.0
France,production,bismuth_mine,nan,tonnes (metal content),2002,
German Federal Republic,production,bismuth_mine,nan,tonnes (metal content),2002,
Italy,production,bismuth_mine,nan,tonnes (metal content),2002,
Japan,production,bismuth_mine,nan,tonnes (metal content),2002,474.0
Korea (Rep. of),production,bismuth_mine,nan,tonnes (metal content),2002,
Mexico,production,bismuth_mine,nan,tonnes (metal content),2002,1126.0
Peru,production,bismuth_mine,nan,tonnes (metal content),2002,568.0
Romania,production,bismuth_mine,nan,tonnes (metal content),2002,40.0
Soviet Union,production,bismuth_mine,nan,tonnes (metal content),2002,
Sweden,production,bismuth_mine,nan,tonnes (metal content),2002,
USA,production,bismuth_mine,nan,tonnes (metal content),2002,
Uganda,production,bismuth_mine,nan,tonnes (metal content),2002,
Yugoslavia,production,bismuth_mine,nan,tonnes (metal content),2002,
Bulgaria,production,bismuth_mine,nan,tonnes (metal content),2002,40.0
Kazakhstan,production,bismuth_mine,nan,tonnes (metal content),2002,161.0
Russia,production,bismuth_mine,nan,tonnes (metal content),2002,50.0
Serbia and Montenegro,production,bismuth_mine,nan,tonnes (metal content),2002,
Tajikistan,production,bismuth_mine,nan,tonnes (metal content),2002,
Uzbekistan,production,bismuth_mine,nan,tonnes (metal content),2002,
Armenia,production,bismuth_mine,nan,tonnes (metal content),2002,
Vietnam,production,bismuth_mine,nan,tonnes (metal content),2002,
Australia,production,bismuth_mine,nan,tonnes (metal content),2003,
Bolivia,production,bismuth_mine,nan,tonnes (metal content),2003,72.0
Canada,production,bismuth_mine,nan,tonnes (metal content),2003,166.0
China,production,bismuth_mine,nan,tonnes (metal content),2003,1036.0
France,production,bismuth_mine,nan,tonnes (metal content),2003,
German Federal Republic,production,bismuth_mine,nan,tonnes (metal content),2003,
Italy,production,bismuth_mine,nan,tonnes (metal content),2003,
Japan,production,bismuth_mine,nan,tonnes (metal content),2003,513.0
Korea (Rep. of),production,bismuth_mine,nan,tonnes (metal content),2003,
Mexico,production,bismuth_mine,nan,tonnes (metal content),2003,1064.0
Peru,production,bismuth_mine,nan,tonnes (metal content),2003,832.0
Romania,production,bismuth_mine,nan,tonnes (metal content),2003,40.0
Soviet Union,production,bismuth_mine,nan,tonnes (metal content),2003,
Sweden,production,bismuth_mine,nan,tonnes (metal content),2003,
USA,production,bismuth_mine,nan,tonnes (metal content),2003,
Uganda,production,bismuth_mine,nan,tonnes (metal content),2003,
Yugoslavia,production,bismuth_mine,nan,tonnes (metal content),2003,
Bulgaria,production,bismuth_mine,nan,tonnes (metal content),2003,40.0
Kazakhstan,production,bismuth_mine,nan,tonnes (metal content),2003,150.0
Russia,production,bismuth_mine,nan,tonnes (metal content),2003,50.0
Serbia and Montenegro,production,bismuth_mine,nan,tonnes (metal content),2003,
Tajikistan,production,bismuth_mine,nan,tonnes (metal content),2003,
Uzbekistan,production,bismuth_mine,nan,tonnes (metal content),2003,
Armenia,production,bismuth_mine,nan,tonnes (metal content),2003,
Vietnam,production,bismuth_mine,nan,tonnes (metal content),2003,
Australia,production,bismuth_mine,nan,tonnes (metal content),2004,
Bolivia,production,bismuth_mine,nan,tonnes (metal content),2004,62.0
Canada,production,bismuth_mine,nan,tonnes (metal content),2004,223.0
China,production,bismuth_mine,nan,tonnes (metal content),2004,1857.0
France,production,bismuth_mine,nan,tonnes (metal content),2004,
German Federal Republic,production,bismuth_mine,nan,tonnes (metal content),2004,
Italy,production,bismuth_mine,nan,tonnes (metal content),2004,
Japan,production,bismuth_mine,nan,tonnes (metal content),2004,522.0
Korea (Rep. of),production,bismuth_mine,nan,tonnes (metal content),2004,
Mexico,production,bismuth_mine,nan,tonnes (metal content),2004,1014.0
Peru,production,bismuth_mine,nan,tonnes (metal content),2004,988.0
Romania,production,bismuth_mine,nan,tonnes (metal content),2004,40.0
Soviet Union,production,bismuth_mine,nan,tonnes (metal content),2004,
Sweden,production,bismuth_mine,nan,tonnes (metal content),2004,
USA,production,bismuth_mine,nan,tonnes (metal content),2004,
Uganda,production,bismuth_mine,nan,tonnes (metal content),2004,
Yugoslavia,production,bismuth_mine,nan,tonnes (metal content),2004,
Bulgaria,production,bismuth_mine,nan,tonnes (metal content),2004,40.0
Kazakhstan,production,bismuth_mine,nan,tonnes (metal content),2004,150.0
Russia,production,bismuth_mine,nan,tonnes (metal content),2004,50.0
Serbia and Montenegro,production,bismuth_mine,nan,tonnes (metal content),2004,
Tajikistan,production,bismuth_mine,nan,tonnes (metal content),2004,
Uzbekistan,production,bismuth_mine,nan,tonnes (metal content),2004,
Armenia,production,bismuth_mine,nan,tonnes (metal content),2004,
Vietnam,production,bismuth_mine,nan,tonnes (metal content),2004,
Australia,production,bismuth_mine,nan,tonnes (metal content),2005,
Bolivia,production,bismuth_mine,nan,tonnes (metal content),2005,44.0
Canada,production,bismuth_mine,nan,tonnes (metal content),2005,170.0
China,production,bismuth_mine,nan,tonnes (metal content),2005,1886.0
France,production,bismuth_mine,nan,tonnes (metal content),2005,
German Federal Republic,production,bismuth_mine,nan,tonnes (metal content),2005,
Italy,production,bismuth_mine,nan,tonnes (metal content),2005,
Japan,production,bismuth_mine,nan,tonnes (metal content),2005,463.0
Korea (Rep. of),production,bismuth_mine,nan,tonnes (metal content),2005,
Mexico,production,bismuth_mine,nan,tonnes (metal content),2005,970.0
Peru,production,bismuth_mine,nan,tonnes (metal content),2005,952.0
Romania,production,bismuth_mine,nan,tonnes (metal content),2005,40.0
Soviet Union,production,bismuth_mine,nan,tonnes (metal content),2005,
Sweden,production,bismuth_mine,nan,tonnes (metal content),2005,
USA,production,bismuth_mine,nan,tonnes (metal content),2005,
Uganda,production,bismuth_mine,nan,tonnes (metal content),2005,
Yugoslavia,production,bismuth_mine,nan,tonnes (metal content),2005,
Bulgaria,production,bismuth_mine,nan,tonnes (metal content),2005,40.0
Kazakhstan,production,bismuth_mine,nan,tonnes (metal content),2005,140.0
Russia,production,bismuth_mine,nan,tonnes (metal content),2005,50.0
Serbia and Montenegro,production,bismuth_mine,nan,tonnes (metal content),2005,
Tajikistan,production,bismuth_mine,nan,tonnes (metal content),2005,
Uzbekistan,production,bismuth_mine,nan,tonnes (metal content),2005,
Armenia,production,bismuth_mine,nan,tonnes (metal content),2005,
Vietnam,production,bismuth_mine,nan,tonnes (metal content),2005,
Australia,production,bismuth_mine,nan,tonnes (metal content),2006,
Bolivia,production,bismuth_mine,nan,tonnes (metal content),2006,155.0
Canada,production,bismuth_mine,nan,tonnes (metal content),2006,214.0
China,production,bismuth_mine,nan,tonnes (metal content),2006,1515.0
France,production,bismuth_mine,nan,tonnes (metal content),2006,
German Federal Republic,production,bismuth_mine,nan,tonnes (metal content),2006,
Italy,production,bismuth_mine,nan,tonnes (metal content),2006,
Japan,production,bismuth_mine,nan,tonnes (metal content),2006,425.0
Korea (Rep. of),production,bismuth_mine,nan,tonnes (metal content),2006,
Mexico,production,bismuth_mine,nan,tonnes (metal content),2006,1186.0
Peru,production,bismuth_mine,nan,tonnes (metal content),2006,1081.0
Romania,production,bismuth_mine,nan,tonnes (metal content),2006,40.0
Soviet Union,production,bismuth_mine,nan,tonnes (metal content),2006,
Sweden,production,bismuth_mine,nan,tonnes (metal content),2006,
USA,production,bismuth_mine,nan,tonnes (metal content),2006,
Uganda,production,bismuth_mine,nan,tonnes (metal content),2006,
Yugoslavia,production,bismuth_mine,nan,tonnes (metal content),2006,
Bulgaria,production,bismuth_mine,nan,tonnes (metal content),2006,45.0
Kazakhstan,production,bismuth_mine,nan,tonnes (metal content),2006,140.0
Russia,production,bismuth_mine,nan,tonnes (metal content),2006,55.0
Serbia and Montenegro,production,bismuth_mine,nan,tonnes (metal content),2006,
Tajikistan,production,bismuth_mine,nan,tonnes (metal content),2006,
Uzbekistan,production,bismuth_mine,nan,tonnes (metal content),2006,
Armenia,production,bismuth_mine,nan,tonnes (metal content),2006,
Vietnam,production,bismuth_mine,nan,tonnes (metal content),2006,
Australia,production,bismuth_mine,nan,tonnes (metal content),2007,
Bolivia,production,bismuth_mine,nan,tonnes (metal content),2007,147.0
Canada,production,bismuth_mine,nan,tonnes (metal content),2007,145.0
China,production,bismuth_mine,nan,tonnes (metal content),2007,1363.0
France,production,bismuth_mine,nan,tonnes (metal content),2007,
German Federal Republic,production,bismuth_mine,nan,tonnes (metal content),2007,
Italy,production,bismuth_mine,nan,tonnes (metal content),2007,
Japan,production,bismuth_mine,nan,tonnes (metal content),2007,408.0
Korea (Rep. of),production,bismuth_mine,nan,tonnes (metal content),2007,
Mexico,production,bismuth_mine,nan,tonnes (metal content),2007,1170.0
Peru,production,bismuth_mine,nan,tonnes (metal content),2007,1114.0
Romania,production,bismuth_mine,nan,tonnes (metal content),2007,40.0
Soviet Union,production,bismuth_mine,nan,tonnes (metal content),2007,
Sweden,production,bismuth_mine,nan,tonnes (metal content),2007,
USA,production,bismuth_mine,nan,tonnes (metal content),2007,
Uganda,production,bismuth_mine,nan,tonnes (metal content),2007,
Yugoslavia,production,bismuth_mine,nan,tonnes (metal content),2007,
Bulgaria,production,bismuth_mine,nan,tonnes (metal content),2007,4.0
Kazakhstan,production,bismuth_mine,nan,tonnes (metal content),2007,145.0
Russia,production,bismuth_mine,nan,tonnes (metal content),2007,55.0
Serbia and Montenegro,production,bismuth_mine,nan,tonnes (metal content),2007,
Tajikistan,production,bismuth_mine,nan,tonnes (metal content),2007,
Uzbekistan,production,bismuth_mine,nan,tonnes (metal content),2007,
Armenia,production,bismuth_mine,nan,tonnes (metal content),2007,
Vietnam,production,bismuth_mine,nan,tonnes (metal content),2007,
Australia,production,bismuth_mine,nan,tonnes (metal content),2008,
Bolivia,production,bismuth_mine,nan,tonnes (metal content),2008,28.0
Canada,production,bismuth_mine,nan,tonnes (metal content),2008,71.0
China,production,bismuth_mine,nan,tonnes (metal content),2008,1453.0
France,production,bismuth_mine,nan,tonnes (metal content),2008,
German Federal Republic,production,bismuth_mine,nan,tonnes (metal content),2008,
Italy,production,bismuth_mine,nan,tonnes (metal content),2008,
Japan,production,bismuth_mine,nan,tonnes (metal content),2008,480.0
Korea (Rep. of),production,bismuth_mine,nan,tonnes (metal content),2008,
Mexico,production,bismuth_mine,nan,tonnes (metal content),2008,1132.0
Peru,production,bismuth_mine,nan,tonnes (metal content),2008,1061.0
Romania,production,bismuth_mine,nan,tonnes (metal content),2008,
Soviet Union,production,bismuth_mine,nan,tonnes (metal content),2008,
Sweden,production,bismuth_mine,nan,tonnes (metal content),2008,
USA,production,bismuth_mine,nan,tonnes (metal content),2008,
Uganda,production,bismuth_mine,nan,tonnes (metal content),2008,
Yugoslavia,production,bismuth_mine,nan,tonnes (metal content),2008,
Bulgaria,production,bismuth_mine,nan,tonnes (metal content),2008,6.0
Kazakhstan,production,bismuth_mine,nan,tonnes (metal content),2008,150.0
Russia,production,bismuth_mine,nan,tonnes (metal content),2008,70.0
Serbia and Montenegro,production,bismuth_mine,nan,tonnes (metal content),2008,
Tajikistan,production,bismuth_mine,nan,tonnes (metal content),2008,
Uzbekistan,production,bismuth_mine,nan,tonnes (metal content),2008,
Armenia,production,bismuth_mine,nan,tonnes (metal content),2008,
Vietnam,production,bismuth_mine,nan,tonnes (metal content),2008,
Australia,production,bismuth_mine,nan,tonnes (metal content),2009,
Bolivia,production,bismuth_mine,nan,tonnes (metal content),2009,54.0
Canada,production,bismuth_mine,nan,tonnes (metal content),2009,86.0
China,production,bismuth_mine,nan,tonnes (metal content),2009,1688.0
France,production,bismuth_mine,nan,tonnes (metal content),2009,
German Federal Republic,production,bismuth_mine,nan,tonnes (metal content),2009,
Italy,production,bismuth_mine,nan,tonnes (metal content),2009,
Japan,production,bismuth_mine,nan,tonnes (metal content),2009,423.0
Korea (Rep. of),production,bismuth_mine,nan,tonnes (metal content),2009,
Mexico,production,bismuth_mine,nan,tonnes (metal content),2009,854.0
Peru,production,bismuth_mine,nan,tonnes (metal content),2009,423.0
Romania,production,bismuth_mine,nan,tonnes (metal content),2009,
Soviet Union,production,bismuth_mine,nan,tonnes (metal content),2009,
Sweden,production,bismuth_mine,nan,tonnes (metal content),2009,
USA,production,bismuth_mine,nan,tonnes (metal content),2009,
Uganda,production,bismuth_mine,nan,tonnes (metal content),2009,
Yugoslavia,production,bismuth_mine,nan,tonnes (metal content),2009,
Bulgaria,production,bismuth_mine,nan,tonnes (metal content),2009,0.0
Kazakhstan,production,bismuth_mine,nan,tonnes (metal content),2009,
Russia,production,bismuth_mine,nan,tonnes (metal content),2009,65.0
Serbia and Montenegro,production,bismuth_mine,nan,tonnes (metal content),2009,
Tajikistan,production,bismuth_mine,nan,tonnes (metal content),2009,
Uzbekistan,production,bismuth_mine,nan,tonnes (metal content),2009,
Armenia,production,bismuth_mine,nan,tonnes (metal content),2009,
Vietnam,production,bismuth_mine,nan,tonnes (metal content),2009,
Australia,production,bismuth_mine,nan,tonnes (metal content),2010,
Bolivia,production,bismuth_mine,nan,tonnes (metal content),2010,87.0
Canada,production,bismuth_mine,nan,tonnes (metal content),2010,92.0
China,production,bismuth_mine,nan,tonnes (metal content),2010,1589.0
France,production,bismuth_mine,nan,tonnes (metal content),2010,
German Federal Republic,production,bismuth_mine,nan,tonnes (metal content),2010,
Italy,production,bismuth_mine,nan,tonnes (metal content),2010,
Japan,production,bismuth_mine,nan,tonnes (metal content),2010,448.0
Korea (Rep. of),production,bismuth_mine,nan,tonnes (metal content),2010,
Mexico,production,bismuth_mine,nan,tonnes (metal content),2010,982.0
Peru,production,bismuth_mine,nan,tonnes (metal content),2010,
Romania,production,bismuth_mine,nan,tonnes (metal content),2010,
Soviet Union,production,bismuth_mine,nan,tonnes (metal content),2010,
Sweden,production,bismuth_mine,nan,tonnes (metal content),2010,
USA,production,bismuth_mine,nan,tonnes (metal content),2010,
Uganda,production,bismuth_mine,nan,tonnes (metal content),2010,
Yugoslavia,production,bismuth_mine,nan,tonnes (metal content),2010,
Bulgaria,production,bismuth_mine,nan,tonnes (metal content),2010,3.0
Kazakhstan,production,bismuth_mine,nan,tonnes (metal content),2010,
Russia,production,bismuth_mine,nan,tonnes (metal content),2010,50.0
Serbia and Montenegro,production,bismuth_mine,nan,tonnes (metal content),2010,
Tajikistan,production,bismuth_mine,nan,tonnes (metal content),2010,
Uzbekistan,production,bismuth_mine,nan,tonnes (metal content),2010,
Armenia,production,bismuth_mine,nan,tonnes (metal content),2010,3.0
Vietnam,production,bismuth_mine,nan,tonnes (metal content),2010,0.0
Australia,production,bismuth_mine,nan,tonnes (metal content),2011,
Bolivia,production,bismuth_mine,nan,tonnes (metal content),2011,41.0
Canada,production,bismuth_mine,nan,tonnes (metal content),2011,92.0
China,production,bismuth_mine,nan,tonnes (metal content),2011,1544.0
France,production,bismuth_mine,nan,tonnes (metal content),2011,
German Federal Republic,production,bismuth_mine,nan,tonnes (metal content),2011,
Italy,production,bismuth_mine,nan,tonnes (metal content),2011,
Japan,production,bismuth_mine,nan,tonnes (metal content),2011,476.0
Korea (Rep. of),production,bismuth_mine,nan,tonnes (metal content),2011,
Mexico,production,bismuth_mine,nan,tonnes (metal content),2011,935.0
Peru,production,bismuth_mine,nan,tonnes (metal content),2011,
Romania,production,bismuth_mine,nan,tonnes (metal content),2011,
Soviet Union,production,bismuth_mine,nan,tonnes (metal content),2011,
Sweden,production,bismuth_mine,nan,tonnes (metal content),2011,
USA,production,bismuth_mine,nan,tonnes (metal content),2011,
Uganda,production,bismuth_mine,nan,tonnes (metal content),2011,
Yugoslavia,production,bismuth_mine,nan,tonnes (metal content),2011,
Bulgaria,production,bismuth_mine,nan,tonnes (metal content),2011,0.0
Kazakhstan,production,bismuth_mine,nan,tonnes (metal content),2011,
Russia,production,bismuth_mine,nan,tonnes (metal content),2011,45.0
Serbia and Montenegro,production,bismuth_mine,nan,tonnes (metal content),2011,
Tajikistan,production,bismuth_mine,nan,tonnes (metal content),2011,
Uzbekistan,production,bismuth_mine,nan,tonnes (metal content),2011,
Armenia,production,bismuth_mine,nan,tonnes (metal content),2011,3.0
Vietnam,production,bismuth_mine,nan,tonnes (metal content),2011,0.0
Australia,production,bismuth_mine,nan,tonnes (metal content),2012,
Bolivia,production,bismuth_mine,nan,tonnes (metal content),2012,10.0
Canada,production,bismuth_mine,nan,tonnes (metal content),2012,121.0
China,production,bismuth_mine,nan,tonnes (metal content),2012,2494.0
France,production,bismuth_mine,nan,tonnes (metal content),2012,
German Federal Republic,production,bismuth_mine,nan,tonnes (metal content),2012,
Italy,production,bismuth_mine,nan,tonnes (metal content),2012,
Japan,production,bismuth_mine,nan,tonnes (metal content),2012,446.0
Korea (Rep. of),production,bismuth_mine,nan,tonnes (metal content),2012,
Mexico,production,bismuth_mine,nan,tonnes (metal content),2012,800.0
Peru,production,bismuth_mine,nan,tonnes (metal content),2012,
Romania,production,bismuth_mine,nan,tonnes (metal content),2012,
Soviet Union,production,bismuth_mine,nan,tonnes (metal content),2012,
Sweden,production,bismuth_mine,nan,tonnes (metal content),2012,
USA,production,bismuth_mine,nan,tonnes (metal content),2012,
Uganda,production,bismuth_mine,nan,tonnes (metal content),2012,
Yugoslavia,production,bismuth_mine,nan,tonnes (metal content),2012,
Bulgaria,production,bismuth_mine,nan,tonnes (metal content),2012,1.0
Kazakhstan,production,bismuth_mine,nan,tonnes (metal content),2012,
Russia,production,bismuth_mine,nan,tonnes (metal content),2012,45.0
Serbia and Montenegro,production,bismuth_mine,nan,tonnes (metal content),2012,
Tajikistan,production,bismuth_mine,nan,tonnes (metal content),2012,
Uzbekistan,production,bismuth_mine,nan,tonnes (metal content),2012,
Armenia,production,bismuth_mine,nan,tonnes (metal content),2012,4.0
Vietnam,production,bismuth_mine,nan,tonnes (metal content),2012,0.0
Australia,production,bismuth_mine,nan,tonnes (metal content),2013,
Bolivia,production,bismuth_mine,nan,tonnes (metal content),2013,0.0
Canada,production,bismuth_mine,nan,tonnes (metal content),2013,35.0
China,production,bismuth_mine,nan,tonnes (metal content),2013,1393.0
France,production,bismuth_mine,nan,tonnes (metal content),2013,
German Federal Republic,production,bismuth_mine,nan,tonnes (metal content),2013,
Italy,production,bismuth_mine,nan,tonnes (metal content),2013,
Japan,production,bismuth_mine,nan,tonnes (metal content),2013,485.0
Korea (Rep. of),production,bismuth_mine,nan,tonnes (metal content),2013,
Mexico,production,bismuth_mine,nan,tonnes (metal content),2013,824.0
Peru,production,bismuth_mine,nan,tonnes (metal content),2013,0.0
Romania,production,bismuth_mine,nan,tonnes (metal content),2013,
Soviet Union,production,bismuth_mine,nan,tonnes (metal content),2013,
Sweden,production,bismuth_mine,nan,tonnes (metal content),2013,
USA,production,bismuth_mine,nan,tonnes (metal content),2013,
Uganda,production,bismuth_mine,nan,tonnes (metal content),2013,
Yugoslavia,production,bismuth_mine,nan,tonnes (metal content),2013,
Bulgaria,production,bismuth_mine,nan,tonnes (metal content),2013,3.0
Kazakhstan,production,bismuth_mine,nan,tonnes (metal content),2013,
Russia,production,bismuth_mine,nan,tonnes (metal content),2013,45.0
Serbia and Montenegro,production,bismuth_mine,nan,tonnes (metal content),2013,
Tajikistan,production,bismuth_mine,nan,tonnes (metal content),2013,
Uzbekistan,production,bismuth_mine,nan,tonnes (metal content),2013,
Armenia,production,bismuth_mine,nan,tonnes (metal content),2013,4.0
Vietnam,production,bismuth_mine,nan,tonnes (metal content),2013,0.0
Australia,production,bismuth_mine,nan,tonnes (metal content),2014,
Bolivia,production,bismuth_mine,nan,tonnes (metal content),2014,11.0
Canada,production,bismuth_mine,nan,tonnes (metal content),2014,3.0
China,production,bismuth_mine,nan,tonnes (metal content),2014,1490.0
France,production,bismuth_mine,nan,tonnes (metal content),2014,
German Federal Republic,production,bismuth_mine,nan,tonnes (metal content),2014,
Italy,production,bismuth_mine,nan,tonnes (metal content),2014,
Japan,production,bismuth_mine,nan,tonnes (metal content),2014,582.0
Korea (Rep. of),production,bismuth_mine,nan,tonnes (metal content),2014,
Mexico,production,bismuth_mine,nan,tonnes (metal content),2014,948.0
Peru,production,bismuth_mine,nan,tonnes (metal content),2014,0.0
Romania,production,bismuth_mine,nan,tonnes (metal content),2014,
Soviet Union,production,bismuth_mine,nan,tonnes (metal content),2014,
Sweden,production,bismuth_mine,nan,tonnes (metal content),2014,
USA,production,bismuth_mine,nan,tonnes (metal content),2014,
Uganda,production,bismuth_mine,nan,tonnes (metal content),2014,
Yugoslavia,production,bismuth_mine,nan,tonnes (metal content),2014,
Bulgaria,production,bismuth_mine,nan,tonnes (metal content),2014,
Kazakhstan,production,bismuth_mine,nan,tonnes (metal content),2014,
Russia,production,bismuth_mine,nan,tonnes (metal content),2014,45.0
Serbia and Montenegro,production,bismuth_mine,nan,tonnes (metal content),2014,
Tajikistan,production,bismuth_mine,nan,tonnes (metal content),2014,
Uzbekistan,production,bismuth_mine,nan,tonnes (metal content),2014,
Armenia,production,bismuth_mine,nan,tonnes (metal content),2014,4.0
Vietnam,production,bismuth_mine,nan,tonnes (metal content),2014,646.0
Australia,production,bismuth_mine,nan,tonnes (metal content),2015,
Bolivia,production,bismuth_mine,nan,tonnes (metal content),2015,0.0
Canada,production,bismuth_mine,nan,tonnes (metal content),2015,2.0
China,production,bismuth_mine,nan,tonnes (metal content),2015,1587.0
France,production,bismuth_mine,nan,tonnes (metal content),2015,
German Federal Republic,production,bismuth_mine,nan,tonnes (metal content),2015,
Italy,production,bismuth_mine,nan,tonnes (metal content),2015,
Japan,production,bismuth_mine,nan,tonnes (metal content),2015,568.0
Korea (Rep. of),production,bismuth_mine,nan,tonnes (metal content),2015,
Mexico,production,bismuth_mine,nan,tonnes (metal content),2015,601.0
Peru,production,bismuth_mine,nan,tonnes (metal content),2015,0.0
Romania,production,bismuth_mine,nan,tonnes (metal content),2015,
Soviet Union,production,bismuth_mine,nan,tonnes (metal content),2015,
Sweden,production,bismuth_mine,nan,tonnes (metal content),2015,
USA,production,bismuth_mine,nan,tonnes (metal content),2015,
Uganda,production,bismuth_mine,nan,tonnes (metal content),2015,
Yugoslavia,production,bismuth_mine,nan,tonnes (metal content),2015,
Bulgaria,production,bismuth_mine,nan,tonnes (metal content),2015,
Kazakhstan,production,bismuth_mine,nan,tonnes (metal content),2015,20.0
Russia,production,bismuth_mine,nan,tonnes (metal content),2015,45.0
Serbia and Montenegro,production,bismuth_mine,nan,tonnes (metal content),2015,
Tajikistan,production,bismuth_mine,nan,tonnes (metal content),2015,
Uzbekistan,production,bismuth_mine,nan,tonnes (metal content),2015,
Armenia,production,bismuth_mine,nan,tonnes (metal content),2015,4.0
Vietnam,production,bismuth_mine,nan,tonnes (metal content),2015,1510.0
Australia,production,bismuth_mine,nan,tonnes (metal content),2016,
Bolivia,production,bismuth_mine,nan,tonnes (metal content),2016,15.0
Canada,production,bismuth_mine,nan,tonnes (metal content),2016,2.0
China,production,bismuth_mine,nan,tonnes (metal content),2016,1672.0
France,production,bismuth_mine,nan,tonnes (metal content),2016,
German Federal Republic,production,bismuth_mine,nan,tonnes (metal content),2016,
Italy,production,bismuth_mine,nan,tonnes (metal content),2016,
Japan,production,bismuth_mine,nan,tonnes (metal content),2016,409.0
Korea (Rep. of),production,bismuth_mine,nan,tonnes (metal content),2016,
Mexico,production,bismuth_mine,nan,tonnes (metal content),2016,539.0
Peru,production,bismuth_mine,nan,tonnes (metal content),2016,188.0
Romania,production,bismuth_mine,nan,tonnes (metal content),2016,
Soviet Union,production,bismuth_mine,nan,tonnes (metal content),2016,
Sweden,production,bismuth_mine,nan,tonnes (metal content),2016,
USA,production,bismuth_mine,nan,tonnes (metal content),2016,
Uganda,production,bismuth_mine,nan,tonnes (metal content),2016,
Yugoslavia,production,bismuth_mine,nan,tonnes (metal content),2016,
Bulgaria,production,bismuth_mine,nan,tonnes (metal content),2016,
Kazakhstan,production,bismuth_mine,nan,tonnes (metal content),2016,270.0
Russia,production,bismuth_mine,nan,tonnes (metal content),2016,45.0
Serbia and Montenegro,production,bismuth_mine,nan,tonnes (metal content),2016,
Tajikistan,production,bismuth_mine,nan,tonnes (metal content),2016,
Uzbekistan,production,bismuth_mine,nan,tonnes (metal content),2016,
Armenia,production,bismuth_mine,nan,tonnes (metal content),2016,4.0
Vietnam,production,bismuth_mine,nan,tonnes (metal content),2016,1700.0
Australia,production,bismuth_mine,nan,tonnes (metal content),2017,
Bolivia,production,bismuth_mine,nan,tonnes (metal content),2017,0.0
Canada,production,bismuth_mine,nan,tonnes (metal content),2017,5.0
China,production,bismuth_mine,nan,tonnes (metal content),2017,1748.0
France,production,bismuth_mine,nan,tonnes (metal content),2017,
German Federal Republic,production,bismuth_mine,nan,tonnes (metal content),2017,
Italy,production,bismuth_mine,nan,tonnes (metal content),2017,
Japan,production,bismuth_mine,nan,tonnes (metal content),2017,489.0
Korea (Rep. of),production,bismuth_mine,nan,tonnes (metal content),2017,
Mexico,production,bismuth_mine,nan,tonnes (metal content),2017,513.0
Peru,production,bismuth_mine,nan,tonnes (metal content),2017,124.0
Romania,production,bismuth_mine,nan,tonnes (metal content),2017,
Soviet Union,production,bismuth_mine,nan,tonnes (metal content),2017,
Sweden,production,bismuth_mine,nan,tonnes (metal content),2017,
USA,production,bismuth_mine,nan,tonnes (metal content),2017,
Uganda,production,bismuth_mine,nan,tonnes (metal content),2017,
Yugoslavia,production,bismuth_mine,nan,tonnes (metal content),2017,
Bulgaria,production,bismuth_mine,nan,tonnes (metal content),2017,
Kazakhstan,production,bismuth_mine,nan,tonnes (metal content),2017,240.0
Russia,production,bismuth_mine,nan,tonnes (metal content),2017,45.0
Serbia and Montenegro,production,bismuth_mine,nan,tonnes (metal content),2017,
Tajikistan,production,bismuth_mine,nan,tonnes (metal content),2017,
Uzbekistan,production,bismuth_mine,nan,tonnes (metal content),2017,
Armenia,production,bismuth_mine,nan,tonnes (metal content),2017,4.0
Vietnam,production,bismuth_mine,nan,tonnes (metal content),2017,2743.0
Australia,production,bismuth_mine,nan,tonnes (metal content),2018,
Bolivia,production,bismuth_mine,nan,tonnes (metal content),2018,19.0
Canada,production,bismuth_mine,nan,tonnes (metal content),2018,5.0
China,production,bismuth_mine,nan,tonnes (metal content),2018,1804.0
France,production,bismuth_mine,nan,tonnes (metal content),2018,
German Federal Republic,production,bismuth_mine,nan,tonnes (metal content),2018,
Italy,production,bismuth_mine,nan,tonnes (metal content),2018,
Japan,production,bismuth_mine,nan,tonnes (metal content),2018,547.0
Korea (Rep. of),production,bismuth_mine,nan,tonnes (metal content),2018,
Mexico,production,bismuth_mine,nan,tonnes (metal content),2018,333.0
Peru,production,bismuth_mine,nan,tonnes (metal content),2018,145.0
Romania,production,bismuth_mine,nan,tonnes (metal content),2018,
Soviet Union,production,bismuth_mine,nan,tonnes (metal content),2018,
Sweden,production,bismuth_mine,nan,tonnes (metal content),2018,
USA,production,bismuth_mine,nan,tonnes (metal content),2018,
Uganda,production,bismuth_mine,nan,tonnes (metal content),2018,
Yugoslavia,production,bismuth_mine,nan,tonnes (metal content),2018,
Bulgaria,production,bismuth_mine,nan,tonnes (metal content),2018,
Kazakhstan,production,bismuth_mine,nan,tonnes (metal content),2018,290.0
Russia,production,bismuth_mine,nan,tonnes (metal content),2018,45.0
Serbia and Montenegro,production,bismuth_mine,nan,tonnes (metal content),2018,
Tajikistan,production,bismuth_mine,nan,tonnes (metal content),2018,
Uzbekistan,production,bismuth_mine,nan,tonnes (metal content),2018,
Armenia,production,bismuth_mine,nan,tonnes (metal content),2018,4.0
Vietnam,production,bismuth_mine,nan,tonnes (metal content),2018,3099.0
Australia,production,bismuth_mine,nan,tonnes (metal content),2019,
Bolivia,production,bismuth_mine,nan,tonnes (metal content),2019,20.0
Canada,production,bismuth_mine,nan,tonnes (metal content),2019,6.0
China,production,bismuth_mine,nan,tonnes (metal content),2019,1650.0
France,production,bismuth_mine,nan,tonnes (metal content),2019,
German Federal Republic,production,bismuth_mine,nan,tonnes (metal content),2019,
Italy,production,bismuth_mine,nan,tonnes (metal content),2019,
Japan,production,bismuth_mine,nan,tonnes (metal content),2019,527.0
Korea (Rep. of),production,bismuth_mine,nan,tonnes (metal content),2019,
Mexico,production,bismuth_mine,nan,tonnes (metal content),2019,251.0
Peru,production,bismuth_mine,nan,tonnes (metal content),2019,73.0
Romania,production,bismuth_mine,nan,tonnes (metal content),2019,
Soviet Union,production,bismuth_mine,nan,tonnes (metal content),2019,
Sweden,production,bismuth_mine,nan,tonnes (metal content),2019,
USA,production,bismuth_mine,nan,tonnes (metal content),2019,
Uganda,production,bismuth_mine,nan,tonnes (metal content),2019,
Yugoslavia,production,bismuth_mine,nan,tonnes (metal content),2019,
Bulgaria,production,bismuth_mine,nan,tonnes (metal content),2019,
Kazakhstan,production,bismuth_mine,nan,tonnes (metal content),2019,7.0
Russia,production,bismuth_mine,nan,tonnes (metal content),2019,45.0
Serbia and Montenegro,production,bismuth_mine,nan,tonnes (metal content),2019,
Tajikistan,production,bismuth_mine,nan,tonnes (metal content),2019,
Uzbekistan,production,bismuth_mine,nan,tonnes (metal content),2019,
Armenia,production,bismuth_mine,nan,tonnes (metal content),2019,4.0
Vietnam,production,bismuth_mine,nan,tonnes (metal content),2019,917.0
Australia,production,bismuth_mine,nan,tonnes (metal content),2020,
Bolivia,production,bismuth_mine,nan,tonnes (metal content),2020,20.0
Canada,production,bismuth_mine,nan,tonnes (metal content),2020,4.0
China,production,bismuth_mine,nan,tonnes (metal content),2020,1650.0
France,production,bismuth_mine,nan,tonnes (metal content),2020,
German Federal Republic,production,bismuth_mine,nan,tonnes (metal content),2020,
Italy,production,bismuth_mine,nan,tonnes (metal content),2020,
Japan,production,bismuth_mine,nan,tonnes (metal content),2020,574.0
Korea (Rep. of),production,bismuth_mine,nan,tonnes (metal content),2020,
Mexico,production,bismuth_mine,nan,tonnes (metal content),2020,0.0
Peru,production,bismuth_mine,nan,tonnes (metal content),2020,74.0
Romania,production,bismuth_mine,nan,tonnes (metal content),2020,
Soviet Union,production,bismuth_mine,nan,tonnes (metal content),2020,
Sweden,production,bismuth_mine,nan,tonnes (metal content),2020,
USA,production,bismuth_mine,nan,tonnes (metal content),2020,
Uganda,production,bismuth_mine,nan,tonnes (metal content),2020,
Yugoslavia,production,bismuth_mine,nan,tonnes (metal content),2020,
Bulgaria,production,bismuth_mine,nan,tonnes (metal content),2020,
Kazakhstan,production,bismuth_mine,nan,tonnes (metal content),2020,450.0
Russia,production,bismuth_mine,nan,tonnes (metal content),2020,45.0
Serbia and Montenegro,production,bismuth_mine,nan,tonnes (metal content),2020,
Tajikistan,production,bismuth_mine,nan,tonnes (metal content),2020,
Uzbekistan,production,bismuth_mine,nan,tonnes (metal content),2020,
Armenia,production,bismuth_mine,nan,tonnes (metal content),2020,4.0
Vietnam,production,bismuth_mine,nan,tonnes (metal content),2020,993.0
