Country,Activity,Commodity,Sub-commodity,2000,2001,2002,2003,2004,2005,2006,2007,2008,2009
Albania,exports,iron_steel_and_ferro-alloys,Ferro-alloys,,,,,,,,,,586.0
Albania,exports,iron_steel_and_ferro-alloys,Ferro-chrome,21609.0,16990.0,20035.0,27623.0,,,,,,
Albania,exports,iron_steel_and_ferro-alloys,"Ingots, blooms, billets",,,,,11021.0,128.0,10.0,3.0,,72000.0
Albania,exports,iron_steel_and_ferro-alloys,Scrap,13100.0,29600.0,10000.0,13029.0,,,,,,17764.0
Algeria,exports,iron_steel_and_ferro-alloys,"Ingots, blooms, billets",136363.0,,,,,,,,,
Algeria,exports,iron_steel_and_ferro-alloys,Pig iron,111025.0,,,,,,,,,
Algeria,exports,iron_steel_and_ferro-alloys,Scrap,59239.0,,,,,,,,,
Argentina,exports,iron_steel_and_ferro-alloys,Ferro-silicon,3208.0,4061.0,7471.0,,,,,,,
Argentina,exports,iron_steel_and_ferro-alloys,"Ingots, blooms, billets",30365.0,138456.0,274337.0,,,,,,,
Argentina,exports,iron_steel_and_ferro-alloys,Other ferro-alloys,5140.0,3443.0,4471.0,,,,,,,
Argentina,exports,iron_steel_and_ferro-alloys,Scrap,,5109.0,19726.0,,,,,,,
Argentina,exports,iron_steel_and_ferro-alloys,Silicon metal,4149.0,,,,,,,,,
Armenia,exports,iron_steel_and_ferro-alloys,Scrap,37822.0,11614.0,17452.0,,,,,,,
Australia,exports,iron_steel_and_ferro-alloys,Ferro-manganese,,,20941.0,,,,,,,
Australia,exports,iron_steel_and_ferro-alloys,"Ingots, blooms, billets",678743.0,20140.0,1292.0,,,,,,,
Australia,exports,iron_steel_and_ferro-alloys,Scrap,767223.0,1109792.0,1036335.0,,,,,,,
Australia,exports,iron_steel_and_ferro-alloys,Silicon metal,28886.0,33851.0,31273.0,,,,,,,
Australia,exports,iron_steel_and_ferro-alloys,Sponge & powder,268047.0,1189079.0,1233075.0,,,,,,,
Austria,exports,iron_steel_and_ferro-alloys,Ferro-alloys,3310.0,6154.0,16390.0,17202.0,5999.0,9476.0,10218.0,9100.0,7541.0,5953.0
Austria,exports,iron_steel_and_ferro-alloys,"Ingots, blooms, billets",248303.0,177057.0,217580.0,256981.0,334124.0,484431.0,303284.0,286765.0,284063.0,187410.0
Austria,exports,iron_steel_and_ferro-alloys,Pig iron,,,80.0,5833.0,6585.0,6614.0,5695.0,6958.0,7539.0,2354.0
Austria,exports,iron_steel_and_ferro-alloys,Scrap,789435.0,754489.0,777267.0,842323.0,1099278.0,1024301.0,1140091.0,1279775.0,1351725.0,1067926.0
Austria,exports,iron_steel_and_ferro-alloys,Silicon metal,71.0,140.0,470.0,751.0,598.0,628.0,1884.0,5166.0,5412.0,4795.0
Austria,exports,iron_steel_and_ferro-alloys,Sponge & powder,,,,,,,,,,193.0
Azerbaijan,exports,iron_steel_and_ferro-alloys,Scrap,149496.0,18652.0,,,,,,,,
Bahrain,exports,iron_steel_and_ferro-alloys,Scrap,50772.0,54672.0,163122.0,,,,,,,
Belarus,exports,iron_steel_and_ferro-alloys,"Ingots, blooms, billets",774700.0,400800.0,432470.0,,,,,,,
Belarus,exports,iron_steel_and_ferro-alloys,Scrap,150400.0,153400.0,104298.0,,,,,,,
Belgium,exports,iron_steel_and_ferro-alloys,Ferro-chrome,,,,,,,38401.0,54201.0,38927.0,20403.0
Belgium,exports,iron_steel_and_ferro-alloys,Ferro-manganese,,,,,,,7696.0,16124.0,24024.0,9915.0
Belgium,exports,iron_steel_and_ferro-alloys,Ferro-molybdenum,,,,,,,22679.0,20153.0,17759.0,16396.0
Belgium,exports,iron_steel_and_ferro-alloys,Ferro-silico-chrome,,,,,,,17169.0,15141.0,12463.0,15645.0
Belgium,exports,iron_steel_and_ferro-alloys,Ferro-silico-manganese,,,,,,,41422.0,52431.0,40777.0,31374.0
Belgium,exports,iron_steel_and_ferro-alloys,Ferro-silicon,,,,,,,38690.0,68383.0,54905.0,47214.0
Belgium,exports,iron_steel_and_ferro-alloys,"Ingots, blooms, billets",,,,,,,859248.0,1008252.0,908563.0,279680.0
Belgium,exports,iron_steel_and_ferro-alloys,Other ferro-alloys,,,,,,,6411.0,10391.0,12686.0,2988.0
Belgium,exports,iron_steel_and_ferro-alloys,Pig iron,,,,,,,230490.0,275388.0,283034.0,160120.0
Belgium,exports,iron_steel_and_ferro-alloys,Scrap,,,,,,,3052438.0,2957464.0,3250800.0,3245159.0
Belgium,exports,iron_steel_and_ferro-alloys,Silicon metal,,,,,,,6765.0,5869.0,6673.0,5954.0
Belgium,exports,iron_steel_and_ferro-alloys,Sponge & powder,,,,,,,19750.0,36997.0,20732.0,14655.0
Belgium-Luxembourg,exports,iron_steel_and_ferro-alloys,Ferro-chrome,39754.0,39937.0,41565.0,39778.0,32998.0,31851.0,,,,
Belgium-Luxembourg,exports,iron_steel_and_ferro-alloys,Ferro-manganese,21737.0,24367.0,23985.0,16246.0,9621.0,11674.0,,,,
Belgium-Luxembourg,exports,iron_steel_and_ferro-alloys,Ferro-molybdenum,,,,,19219.0,22420.0,,,,
Belgium-Luxembourg,exports,iron_steel_and_ferro-alloys,Ferro-silico-chrome,,,3593.0,10381.0,7214.0,9107.0,,,,
Belgium-Luxembourg,exports,iron_steel_and_ferro-alloys,Ferro-silico-magnesium,3271.0,1171.0,38.0,79.0,39.0,11.0,,,,
Belgium-Luxembourg,exports,iron_steel_and_ferro-alloys,Ferro-silico-manganese,31690.0,31139.0,29953.0,38032.0,41307.0,29858.0,,,,
Belgium-Luxembourg,exports,iron_steel_and_ferro-alloys,Ferro-silicon,24591.0,30427.0,30962.0,18856.0,31000.0,21812.0,,,,
Belgium-Luxembourg,exports,iron_steel_and_ferro-alloys,Ferro-titanium & Fe-Si-Ti,244.0,,,,,,,,,
Belgium-Luxembourg,exports,iron_steel_and_ferro-alloys,"Ingots, blooms, billets",615783.0,498122.0,548174.0,395499.0,368589.0,639936.0,,,,
Belgium-Luxembourg,exports,iron_steel_and_ferro-alloys,Other ferro-alloys,1296.0,9135.0,4342.0,9672.0,6523.0,6689.0,,,,
Belgium-Luxembourg,exports,iron_steel_and_ferro-alloys,Pig iron,180780.0,116359.0,172175.0,227815.0,225486.0,201577.0,,,,
Belgium-Luxembourg,exports,iron_steel_and_ferro-alloys,Scrap,1974795.0,1799938.0,1821636.0,2310658.0,2851040.0,2712683.0,,,,
Belgium-Luxembourg,exports,iron_steel_and_ferro-alloys,Silicon metal,7741.0,12440.0,5873.0,8227.0,6078.0,9095.0,,,,
Belgium-Luxembourg,exports,iron_steel_and_ferro-alloys,Sponge & powder,3797.0,4395.0,13263.0,18741.0,29127.0,15850.0,,,,
Bolivia,exports,iron_steel_and_ferro-alloys,Scrap,,10557.0,11314.0,,,,,,,
Bosnia & Herzegovina,exports,iron_steel_and_ferro-alloys,Ferro-silicon,21300.0,31200.0,8500.0,,,,,,,
Bosnia & Herzegovina,exports,iron_steel_and_ferro-alloys,Scrap,43500.0,14800.0,27200.0,,,,,,,
Botswana,exports,iron_steel_and_ferro-alloys,Scrap,7399.0,9091.0,,,,,,,,
Brazil,exports,iron_steel_and_ferro-alloys,Ferro-chrome,135.0,144.0,426.0,,,,,,,
Brazil,exports,iron_steel_and_ferro-alloys,Ferro-manganese,52613.0,22201.0,68740.0,,,,,,,
Brazil,exports,iron_steel_and_ferro-alloys,Ferro-molybdenum,1.0,3.0,12.0,,,,,,,
Brazil,exports,iron_steel_and_ferro-alloys,Ferro-nickel,6656.0,2518.0,3401.0,,,,,,,
Brazil,exports,iron_steel_and_ferro-alloys,Ferro-niobium,27927.0,28429.0,31256.0,,,,,,,
Brazil,exports,iron_steel_and_ferro-alloys,Ferro-silico-manganese,80803.0,65633.0,77903.0,,,,,,,
Brazil,exports,iron_steel_and_ferro-alloys,Ferro-silicon,182197.0,110231.0,103817.0,,,,,,,
Brazil,exports,iron_steel_and_ferro-alloys,Ferro-titanium & Fe-Si-Ti,,52.0,52.0,,,,,,,
Brazil,exports,iron_steel_and_ferro-alloys,"Ingots, blooms, billets",6213425.0,6364730.0,7780000.0,,,,,,,
Brazil,exports,iron_steel_and_ferro-alloys,Other ferro-alloys,29127.0,26916.0,22879.0,,,,,,,
Brazil,exports,iron_steel_and_ferro-alloys,Pig iron,3808762.0,4135297.0,4401292.0,,,,,,,
Brazil,exports,iron_steel_and_ferro-alloys,Scrap,734.0,12505.0,13230.0,,,,,,,
Brazil,exports,iron_steel_and_ferro-alloys,Silicon metal,154009.0,104538.0,148040.0,,,,,,,
Brazil,exports,iron_steel_and_ferro-alloys,Sponge & powder,1777.0,1636.0,18587.0,,,,,,,
Bulgaria,exports,iron_steel_and_ferro-alloys,Ferro-alloys,2779.0,4225.0,3688.0,,,,,,,
Bulgaria,exports,iron_steel_and_ferro-alloys,Ferro-silico-manganese,,,,3405.0,4034.0,1501.0,3638.0,6845.0,288.0,
Bulgaria,exports,iron_steel_and_ferro-alloys,Ferro-silicon,,,,4402.0,1329.0,1499.0,3345.0,4972.0,2076.0,2890.0
Bulgaria,exports,iron_steel_and_ferro-alloys,"Ingots, blooms, billets",102033.0,200040.0,111719.0,355397.0,277332.0,97757.0,163020.0,135710.0,85466.0,54115.0
Bulgaria,exports,iron_steel_and_ferro-alloys,Other ferro-alloys,,,,238.0,283.0,72.0,180.0,2072.0,550.0,9867.0
Bulgaria,exports,iron_steel_and_ferro-alloys,Pig iron,,,,29.0,114.0,51.0,44549.0,62032.0,23553.0,1420.0
Bulgaria,exports,iron_steel_and_ferro-alloys,Scrap,386591.0,375118.0,459322.0,572559.0,769559.0,784778.0,722261.0,677347.0,740414.0,510997.0
Bulgaria,exports,iron_steel_and_ferro-alloys,Silicon metal,,,,15.0,11.0,15.0,11.0,2374.0,,
Canada,exports,iron_steel_and_ferro-alloys,Ferro-chrome,76.0,470.0,1291.0,,,,,,,
Canada,exports,iron_steel_and_ferro-alloys,Ferro-manganese,1292.0,975.0,3227.0,,,,,,,
Canada,exports,iron_steel_and_ferro-alloys,Ferro-molybdenum,,107.0,150.0,,,,,,,
Canada,exports,iron_steel_and_ferro-alloys,Ferro-niobium,2479.0,3570.0,4128.0,,,,,,,
Canada,exports,iron_steel_and_ferro-alloys,Ferro-silico-manganese,476.0,491.0,521.0,,,,,,,
Canada,exports,iron_steel_and_ferro-alloys,Ferro-silicon,20764.0,23800.0,26413.0,,,,,,,
Canada,exports,iron_steel_and_ferro-alloys,Ferro-titanium & Fe-Si-Ti,,83.0,0.0,,,,,,,
Canada,exports,iron_steel_and_ferro-alloys,Ferro-vanadium,,327.0,769.0,,,,,,,
Canada,exports,iron_steel_and_ferro-alloys,"Ingots, blooms, billets",357359.0,234042.0,221731.0,,,,,,,
Canada,exports,iron_steel_and_ferro-alloys,Other ferro-alloys,1060.0,519.0,38.0,,,,,,,
Canada,exports,iron_steel_and_ferro-alloys,Pig iron,109058.0,124596.0,110920.0,,,,,,,
Canada,exports,iron_steel_and_ferro-alloys,Scrap,1914053.0,1933550.0,2133433.0,,,,,,,
Canada,exports,iron_steel_and_ferro-alloys,Silicon metal,59282.0,45013.0,41231.0,,,,,,,
Canada,exports,iron_steel_and_ferro-alloys,Sponge & powder,144497.0,70332.0,119599.0,,,,,,,
Chile,exports,iron_steel_and_ferro-alloys,Ferro-alloys,3224.0,4235.0,3347.0,,,,,,,
Chile,exports,iron_steel_and_ferro-alloys,"Ingots, blooms, billets",12489.0,10354.0,,,,,,,,
Chile,exports,iron_steel_and_ferro-alloys,Scrap,4486.0,8212.0,25875.0,,,,,,,
China,exports,iron_steel_and_ferro-alloys,Ferro-chrome,133505.0,89655.0,51952.0,,,,,,,
China,exports,iron_steel_and_ferro-alloys,Ferro-manganese,189746.0,155416.0,173751.0,,,,,,,
China,exports,iron_steel_and_ferro-alloys,Ferro-molybdenum,44370.0,37545.0,29609.0,,,,,,,
China,exports,iron_steel_and_ferro-alloys,Ferro-nickel,1.0,1.0,92.0,,,,,,,
China,exports,iron_steel_and_ferro-alloys,Ferro-silico-chrome,23628.0,16463.0,12156.0,,,,,,,
China,exports,iron_steel_and_ferro-alloys,Ferro-silico-manganese,362717.0,353445.0,450900.0,,,,,,,
China,exports,iron_steel_and_ferro-alloys,Ferro-silicon,491627.0,494009.0,539299.0,,,,,,,
China,exports,iron_steel_and_ferro-alloys,Ferro-titanium & Fe-Si-Ti,1356.0,933.0,1465.0,,,,,,,
China,exports,iron_steel_and_ferro-alloys,Ferro-tungsten & Fe-Si-W,5127.0,6264.0,5133.0,,,,,,,
China,exports,iron_steel_and_ferro-alloys,Ferro-vanadium,3073.0,2070.0,1679.0,,,,,,,
China,exports,iron_steel_and_ferro-alloys,"Ingots, blooms, billets",5089204.0,2729389.0,1351555.0,,,,,,,
China,exports,iron_steel_and_ferro-alloys,Other ferro-alloys,60735.0,124865.0,64571.0,,,,,,,
China,exports,iron_steel_and_ferro-alloys,Pig iron,3332747.0,682465.0,396762.0,,,,,,,
China,exports,iron_steel_and_ferro-alloys,Scrap,47280.0,9673.0,5981.0,,,,,,,
China,exports,iron_steel_and_ferro-alloys,Silicon metal,328844.0,324693.0,388317.0,,,,,,,
China,exports,iron_steel_and_ferro-alloys,Sponge & powder,60804.0,17001.0,23614.0,,,,,,,
Colombia,exports,iron_steel_and_ferro-alloys,Ferro-nickel,54280.0,94969.0,115671.0,,,,,,,
Croatia,exports,iron_steel_and_ferro-alloys,Ferro-alloys,,,,,,,,520.0,3286.0,3397.0
Croatia,exports,iron_steel_and_ferro-alloys,Ferro-chrome,15468.0,,,,,,,,,
Croatia,exports,iron_steel_and_ferro-alloys,"Ingots, blooms, billets",,,,,,,,34.0,3486.0,7.0
Croatia,exports,iron_steel_and_ferro-alloys,Scrap,106021.0,133451.0,197532.0,235322.0,279852.0,318840.0,398070.0,427540.0,357487.0,302085.0
Cuba,exports,iron_steel_and_ferro-alloys,"Ingots, blooms, billets",89000.0,82100.0,68400.0,,,,,,,
Cuba,exports,iron_steel_and_ferro-alloys,Scrap,59200.0,28000.0,33800.0,,,,,,,
Cyprus,exports,iron_steel_and_ferro-alloys,Scrap,17341.0,26839.0,38154.0,41926.0,46316.0,55240.0,65998.0,63662.0,72106.0,80349.0
Czech Republic,exports,iron_steel_and_ferro-alloys,Ferro-chrome,1190.0,2300.0,,,,,,,,
Czech Republic,exports,iron_steel_and_ferro-alloys,Ferro-silicon,,,,5905.0,7342.0,5396.0,6516.0,8254.0,8780.0,4285.0
Czech Republic,exports,iron_steel_and_ferro-alloys,Ferro-vanadium,2940.0,2195.0,2949.0,3012.0,3417.0,2613.0,2763.0,1685.0,2830.0,1868.0
Czech Republic,exports,iron_steel_and_ferro-alloys,"Ingots, blooms, billets",262130.0,250740.0,287557.0,249522.0,267912.0,251513.0,324619.0,587296.0,500423.0,222780.0
Czech Republic,exports,iron_steel_and_ferro-alloys,Other ferro-alloys,3165.0,2412.0,4732.0,802.0,5772.0,14358.0,15078.0,8704.0,13897.0,12274.0
Czech Republic,exports,iron_steel_and_ferro-alloys,Pig iron,32820.0,25352.0,28844.0,50125.0,55687.0,15526.0,17599.0,31182.0,30457.0,24041.0
Czech Republic,exports,iron_steel_and_ferro-alloys,Scrap,987452.0,1000515.0,1057822.0,1178514.0,1930343.0,1351676.0,1456061.0,1678565.0,1792889.0,1442865.0
Czech Republic,exports,iron_steel_and_ferro-alloys,Silicon metal,915.0,816.0,859.0,778.0,4488.0,512.0,1040.0,1118.0,1375.0,783.0
Denmark,exports,iron_steel_and_ferro-alloys,Ferro-silicon,,,,325.0,20935.0,23295.0,14611.0,62.0,48.0,55.0
Denmark,exports,iron_steel_and_ferro-alloys,"Ingots, blooms, billets",143030.0,59258.0,21432.0,8119.0,16223.0,1203.0,2199.0,12820.0,16775.0,13287.0
Denmark,exports,iron_steel_and_ferro-alloys,Other ferro-alloys,,,,855.0,187.0,139.0,238.0,257.0,491.0,291.0
Denmark,exports,iron_steel_and_ferro-alloys,Pig iron,,,,,,,,,89.0,53.0
Denmark,exports,iron_steel_and_ferro-alloys,Scrap,658353.0,770311.0,1058048.0,1310175.0,1564469.0,1402982.0,1414060.0,1263987.0,1372424.0,1335754.0
Dominican Republic,exports,iron_steel_and_ferro-alloys,Ferro-nickel,71644.0,59735.0,60437.0,,,,,,,
Dominican Republic,exports,iron_steel_and_ferro-alloys,Scrap,11047.0,13468.0,,,,,,,,
Ecuador,exports,iron_steel_and_ferro-alloys,Scrap,7240.0,3056.0,3845.0,,,,,,,
Egypt,exports,iron_steel_and_ferro-alloys,Ferro-silicon,,50623.0,42300.0,,,,,,,
Egypt,exports,iron_steel_and_ferro-alloys,Pig iron,,19109.0,,,,,,,,
Egypt,exports,iron_steel_and_ferro-alloys,Scrap,15000.0,24217.0,41500.0,,,,,,,
Estonia,exports,iron_steel_and_ferro-alloys,Ferro-alloys,,,10271.0,23420.0,1238.0,665.0,672.0,159.0,153.0,100.0
Estonia,exports,iron_steel_and_ferro-alloys,Ferro-chrome,18804.0,2283.0,,,,,,,,
Estonia,exports,iron_steel_and_ferro-alloys,"Ingots, blooms, billets",,,,911.0,762.0,,425.0,5985.0,,
Estonia,exports,iron_steel_and_ferro-alloys,Other ferro-alloys,3639.0,4269.0,,,,,,,,
Estonia,exports,iron_steel_and_ferro-alloys,Pig iron,65500.0,700.0,500.0,3400.0,,200.0,,1360.0,,
Estonia,exports,iron_steel_and_ferro-alloys,Scrap,502495.0,380328.0,326407.0,376554.0,358185.0,440622.0,592372.0,572216.0,650099.0,384299.0
Estonia,exports,iron_steel_and_ferro-alloys,Silicon metal,20052.0,21.0,,,,,,,,
Finland,exports,iron_steel_and_ferro-alloys,Ferro-chrome,,,80026.0,33499.0,35780.0,39341.0,37663.0,100022.0,37709.0,61319.0
Finland,exports,iron_steel_and_ferro-alloys,Ferro-chrome & ferro-silico-chrome,43887.0,82590.0,,,,,,,,
Finland,exports,iron_steel_and_ferro-alloys,"Ingots, blooms, billets",144538.0,130066.0,186989.0,501945.0,624170.0,436083.0,284313.0,185229.0,281325.0,253440.0
Finland,exports,iron_steel_and_ferro-alloys,Other ferro-alloys,,,,,,,,99.0,110.0,308.0
Finland,exports,iron_steel_and_ferro-alloys,Pig iron,,,231.0,86.0,0.0,8040.0,3045.0,0.0,14070.0,11317.0
Finland,exports,iron_steel_and_ferro-alloys,Scrap,394218.0,362373.0,359153.0,374778.0,315977.0,286494.0,220124.0,253732.0,308047.0,276010.0
France,exports,iron_steel_and_ferro-alloys,Ferro-chrome,5965.0,2478.0,3747.0,1456.0,1074.0,857.0,875.0,1217.0,2098.0,2217.0
France,exports,iron_steel_and_ferro-alloys,Ferro-manganese,19275.0,26049.0,26302.0,28094.0,14360.0,7181.0,7483.0,8049.0,2457.0,2882.0
France,exports,iron_steel_and_ferro-alloys,Ferro-molybdenum,530.0,410.0,348.0,300.0,538.0,547.0,673.0,481.0,374.0,379.0
France,exports,iron_steel_and_ferro-alloys,Ferro-nickel,872.0,712.0,104.0,,,,,225.0,46.0,10496.0
France,exports,iron_steel_and_ferro-alloys,Ferro-niobium,735.0,784.0,361.0,926.0,521.0,240.0,596.0,948.0,984.0,261.0
France,exports,iron_steel_and_ferro-alloys,Ferro-silico-magnesium,5929.0,5714.0,6521.0,5262.0,5521.0,6829.0,2165.0,16377.0,272.0,844.0
France,exports,iron_steel_and_ferro-alloys,Ferro-silico-manganese,15750.0,62877.0,73647.0,53270.0,63483.0,76021.0,53278.0,41110.0,42260.0,41324.0
France,exports,iron_steel_and_ferro-alloys,Ferro-silicon,50247.0,43956.0,53682.0,65871.0,65881.0,69551.0,63432.0,50334.0,73824.0,51676.0
France,exports,iron_steel_and_ferro-alloys,Ferro-titanium & Fe-Si-Ti,1123.0,1842.0,1434.0,1463.0,1305.0,1542.0,1992.0,2292.0,1493.0,844.0
France,exports,iron_steel_and_ferro-alloys,Ferro-vanadium,70.0,21.0,25.0,,,,,,,
France,exports,iron_steel_and_ferro-alloys,"Ingots, blooms, billets",2447574.0,2621568.0,3419270.0,3420829.0,3833258.0,3914427.0,3071836.0,2650976.0,2830986.0,1814051.0
France,exports,iron_steel_and_ferro-alloys,Other ferro-alloys,36008.0,45650.0,35746.0,32324.0,29320.0,27432.0,22699.0,32186.0,28430.0,10077.0
France,exports,iron_steel_and_ferro-alloys,Pig iron,520.0,4426.0,3378.0,153.0,679.0,350.0,113729.0,89768.0,88462.0,151699.0
France,exports,iron_steel_and_ferro-alloys,Scrap,4537161.0,4161312.0,4656513.0,4990462.0,5578148.0,4955474.0,6019890.0,6210854.0,6028712.0,5402426.0
France,exports,iron_steel_and_ferro-alloys,Silicon metal,,,,,,,,138.0,,231.0
France,exports,iron_steel_and_ferro-alloys,Sponge & powder,7864.0,6895.0,5983.0,6231.0,5221.0,6465.0,13059.0,17948.0,14698.0,5261.0
Georgia,exports,iron_steel_and_ferro-alloys,Ferro-manganese,8409.0,8038.0,5136.0,,,,,,,
Georgia,exports,iron_steel_and_ferro-alloys,Ferro-silico-manganese,18453.0,31652.0,32802.0,,,,,,,
Georgia,exports,iron_steel_and_ferro-alloys,"Ingots, blooms, billets",4527.0,1539.0,1829.0,,,,,,,
Georgia,exports,iron_steel_and_ferro-alloys,Scrap,782582.0,723451.0,822572.0,,,,,,,
Germany,exports,iron_steel_and_ferro-alloys,Ferro-chrome,47714.0,34379.0,33992.0,30640.0,22758.0,26472.0,36289.0,39892.0,36856.0,27831.0
Germany,exports,iron_steel_and_ferro-alloys,Ferro-manganese,19071.0,19346.0,13036.0,8937.0,13776.0,12660.0,24659.0,14733.0,11802.0,9043.0
Germany,exports,iron_steel_and_ferro-alloys,Ferro-molybdenum,765.0,903.0,1283.0,2054.0,2597.0,3867.0,3499.0,3636.0,3858.0,3229.0
Germany,exports,iron_steel_and_ferro-alloys,Ferro-nickel,42.0,,57.0,94.0,625.0,31.0,115.0,2116.0,1036.0,1725.0
Germany,exports,iron_steel_and_ferro-alloys,Ferro-niobium,1066.0,816.0,828.0,713.0,1076.0,1448.0,1130.0,1149.0,1057.0,321.0
Germany,exports,iron_steel_and_ferro-alloys,Ferro-phosphorus,1704.0,1149.0,1163.0,691.0,786.0,936.0,977.0,839.0,477.0,475.0
Germany,exports,iron_steel_and_ferro-alloys,Ferro-silico-chrome,251.0,3115.0,608.0,,,,,,,
Germany,exports,iron_steel_and_ferro-alloys,Ferro-silico-magnesium,4894.0,6912.0,6825.0,5551.0,13887.0,14254.0,12142.0,24051.0,6342.0,1113.0
Germany,exports,iron_steel_and_ferro-alloys,Ferro-silico-manganese,11082.0,13743.0,11520.0,10306.0,9286.0,2928.0,9748.0,8684.0,10354.0,4436.0
Germany,exports,iron_steel_and_ferro-alloys,Ferro-silicon,50904.0,66920.0,64000.0,60016.0,61239.0,53979.0,53963.0,51343.0,63858.0,63214.0
Germany,exports,iron_steel_and_ferro-alloys,Ferro-titanium & Fe-Si-Ti,2585.0,2877.0,3607.0,2478.0,3069.0,5263.0,4795.0,6011.0,4237.0,1662.0
Germany,exports,iron_steel_and_ferro-alloys,Ferro-tungsten & Fe-Si-W,310.0,112.0,106.0,268.0,178.0,176.0,423.0,480.0,460.0,339.0
Germany,exports,iron_steel_and_ferro-alloys,Ferro-vanadium,299.0,373.0,634.0,653.0,600.0,528.0,268.0,558.0,413.0,755.0
Germany,exports,iron_steel_and_ferro-alloys,"Ingots, blooms, billets",2451015.0,2032350.0,2011458.0,2563182.0,2104580.0,1950158.0,2171036.0,2496951.0,2047223.0,1655376.0
Germany,exports,iron_steel_and_ferro-alloys,Other ferro-alloys,11272.0,20321.0,22860.0,15369.0,12691.0,10652.0,10720.0,,28533.0,8210.0
Germany,exports,iron_steel_and_ferro-alloys,Pig iron,116513.0,75137.0,67365.0,56571.0,112911.0,82834.0,180939.0,145453.0,153917.0,86491.0
Germany,exports,iron_steel_and_ferro-alloys,Scrap,6878310.0,6598673.0,6880778.0,6718904.0,6956839.0,6692022.0,7605306.0,7770479.0,8268662.0,7275257.0
Germany,exports,iron_steel_and_ferro-alloys,Silicon metal,10736.0,10632.0,10060.0,16141.0,18064.0,,,,0.0,20207.0
Germany,exports,iron_steel_and_ferro-alloys,Sponge & powder,27258.0,30585.0,83354.0,95612.0,148734.0,175291.0,197636.0,147303.0,95846.0,28183.0
Greece,exports,iron_steel_and_ferro-alloys,Ferro-alloys,12794.0,10175.0,7976.0,1742.0,5528.0,1044.0,511.0,340.0,3671.0,377.0
Greece,exports,iron_steel_and_ferro-alloys,"Ingots, blooms, billets",2363.0,5083.0,1157.0,2908.0,64105.0,48.0,13899.0,121989.0,162819.0,102721.0
Greece,exports,iron_steel_and_ferro-alloys,Pig iron,,,,,,,,,67.0,351.0
Greece,exports,iron_steel_and_ferro-alloys,Scrap,35747.0,47721.0,39806.0,56047.0,59502.0,37164.0,126188.0,34584.0,36018.0,34840.0
Hong Kong,exports,iron_steel_and_ferro-alloys,Ferro-alloys,3395.0,2158.0,2224.0,,,,,,,
Hong Kong,exports,iron_steel_and_ferro-alloys,"Ingots, blooms, billets",4227.0,5387.0,5238.0,,,,,,,
Hong Kong,exports,iron_steel_and_ferro-alloys,Scrap,769869.0,937425.0,977806.0,,,,,,,
Hong Kong,exports,iron_steel_and_ferro-alloys,Silicon metal,,,1151.0,,,,,,,
Hungary,exports,iron_steel_and_ferro-alloys,Ferro-alloys,1573.0,651.0,694.0,436.0,701.0,234.0,0.0,829.0,47.0,
Hungary,exports,iron_steel_and_ferro-alloys,"Ingots, blooms, billets",23843.0,47954.0,87994.0,32452.0,24042.0,24923.0,14731.0,36548.0,90282.0,4315.0
Hungary,exports,iron_steel_and_ferro-alloys,Scrap,631088.0,462209.0,553847.0,618827.0,887069.0,761464.0,658499.0,567923.0,691805.0,636805.0
Iceland,exports,iron_steel_and_ferro-alloys,Ferro-silicon,99884.0,111898.0,113719.0,,,125.0,103572.0,117230.0,105868.0,112993.0
Iceland,exports,iron_steel_and_ferro-alloys,Other ferro-alloys,,,,,,,,6.0,1729.0,4595.0
Iceland,exports,iron_steel_and_ferro-alloys,Scrap,28727.0,47261.0,38295.0,,,36624.0,28908.0,68014.0,60287.0,38075.0
Iceland,exports,iron_steel_and_ferro-alloys,Silicon metal,,,,,,4.0,0.0,15.0,0.0,200.0
India,exports,iron_steel_and_ferro-alloys,Ferro-chrome,125134.0,66163.0,62468.0,,,,,,,
India,exports,iron_steel_and_ferro-alloys,Ferro-manganese,5381.0,12338.0,27555.0,,,,,,,
India,exports,iron_steel_and_ferro-alloys,Ferro-silico-chrome,820.0,2367.0,236.0,,,,,,,
India,exports,iron_steel_and_ferro-alloys,Ferro-silico-manganese,61502.0,26667.0,40328.0,,,,,,,
India,exports,iron_steel_and_ferro-alloys,Ferro-silicon,2318.0,1223.0,1993.0,,,,,,,
India,exports,iron_steel_and_ferro-alloys,Ferro-vanadium,,3.0,120.0,,,,,,,
India,exports,iron_steel_and_ferro-alloys,"Ingots, blooms, billets",155133.0,132122.0,363341.0,,,,,,,
India,exports,iron_steel_and_ferro-alloys,Other ferro-alloys,19180.0,4950.0,8239.0,,,,,,,
India,exports,iron_steel_and_ferro-alloys,Pig iron,205481.0,327400.0,466680.0,,,,,,,
India,exports,iron_steel_and_ferro-alloys,Scrap,1569.0,26397.0,14908.0,,,,,,,
India,exports,iron_steel_and_ferro-alloys,Silicon metal,5588.0,2574.0,2531.0,,,,,,,
India,exports,iron_steel_and_ferro-alloys,Sponge & powder,7475.0,16193.0,38366.0,,,,,,,
Indonesia,exports,iron_steel_and_ferro-alloys,Ferro-nickel,52674.0,36898.0,23731.0,,,,,,,
Indonesia,exports,iron_steel_and_ferro-alloys,"Ingots, blooms, billets",4140.0,4405.0,4781.0,,,,,,,
Indonesia,exports,iron_steel_and_ferro-alloys,Scrap,40082.0,36916.0,35094.0,,,,,,,
Indonesia,exports,iron_steel_and_ferro-alloys,Sponge & powder,3336.0,441.0,2698.0,,,,,,,
Iran,exports,iron_steel_and_ferro-alloys,Ferro-chrome,5700.0,1000.0,8135.0,,,,,,,
Iran,exports,iron_steel_and_ferro-alloys,Ferro-silicon,15446.0,65881.0,11512.0,,,,,,,
Iran,exports,iron_steel_and_ferro-alloys,"Ingots, blooms, billets",352700.0,641000.0,716792.0,,,,,,,
Iran,exports,iron_steel_and_ferro-alloys,Other ferro-alloys,1700.0,1300.0,7209.0,,,,,,,
Iran,exports,iron_steel_and_ferro-alloys,Pig iron,100000.0,132300.0,146200.0,,,,,,,
Iran,exports,iron_steel_and_ferro-alloys,Scrap,116000.0,84000.0,6700.0,,,,,,,
"Ireland, Republic of",exports,iron_steel_and_ferro-alloys,"Ingots, blooms, billets",,,,,,,,419.0,924.0,547.0
"Ireland, Republic of",exports,iron_steel_and_ferro-alloys,Scrap,61401.0,133287.0,228807.0,292971.0,347479.0,352028.0,398587.0,478562.0,485387.0,428416.0
"Ireland, Republic of",exports,iron_steel_and_ferro-alloys,Sponge & powder,,,,,,,,,,9.0
Israel,exports,iron_steel_and_ferro-alloys,Scrap,6800.0,6700.0,15200.0,,,,,,,
Italy,exports,iron_steel_and_ferro-alloys,Ferro-chrome,2693.0,1843.0,9576.0,7290.0,8411.0,3753.0,8276.0,5411.0,4593.0,2066.0
Italy,exports,iron_steel_and_ferro-alloys,Ferro-manganese,20413.0,17472.0,5382.0,6322.0,8857.0,10380.0,8670.0,14562.0,12890.0,7457.0
Italy,exports,iron_steel_and_ferro-alloys,Ferro-molybdenum,186.0,525.0,351.0,352.0,162.0,90.0,174.0,68.0,277.0,1266.0
Italy,exports,iron_steel_and_ferro-alloys,Ferro-nickel,,,,,,3967.0,173.0,239.0,123.0,418.0
Italy,exports,iron_steel_and_ferro-alloys,Ferro-silico-magnesium,57.0,10.0,2119.0,1673.0,3163.0,30.0,93.0,2061.0,168.0,163.0
Italy,exports,iron_steel_and_ferro-alloys,Ferro-silico-manganese,6876.0,3371.0,2055.0,1392.0,3167.0,3511.0,4086.0,7048.0,6882.0,4322.0
Italy,exports,iron_steel_and_ferro-alloys,Ferro-silicon,2248.0,3143.0,2697.0,3287.0,3594.0,5035.0,4457.0,7113.0,7094.0,6395.0
Italy,exports,iron_steel_and_ferro-alloys,Ferro-vanadium,1669.0,1023.0,2873.0,,,,,,,
Italy,exports,iron_steel_and_ferro-alloys,"Ingots, blooms, billets",841283.0,770001.0,786800.0,546474.0,402967.0,698402.0,958626.0,983369.0,964245.0,570380.0
Italy,exports,iron_steel_and_ferro-alloys,Other ferro-alloys,340.0,1107.0,975.0,,,996.0,1986.0,457.0,3072.0,2523.0
Italy,exports,iron_steel_and_ferro-alloys,Pig iron,26986.0,47031.0,58982.0,40069.0,41068.0,15740.0,22114.0,50789.0,36137.0,61761.0
Italy,exports,iron_steel_and_ferro-alloys,Scrap,166125.0,151196.0,153190.0,173616.0,211385.0,185688.0,190139.0,240735.0,387528.0,325026.0
Italy,exports,iron_steel_and_ferro-alloys,Silicon metal,1197.0,743.0,1092.0,583.0,1667.0,3931.0,3304.0,4576.0,6007.0,3200.0
Italy,exports,iron_steel_and_ferro-alloys,Sponge & powder,215.0,2095.0,651.0,130.0,62.0,163.0,194.0,1097.0,615.0,452.0
Japan,exports,iron_steel_and_ferro-alloys,Ferro-chrome,2544.0,2686.0,1362.0,,,,,,,
Japan,exports,iron_steel_and_ferro-alloys,Ferro-manganese,44249.0,28018.0,14855.0,,,,,,,
Japan,exports,iron_steel_and_ferro-alloys,Ferro-nickel,114829.0,121708.0,119508.0,,,,,,,
Japan,exports,iron_steel_and_ferro-alloys,Ferro-silico-manganese,4928.0,431.0,478.0,,,,,,,
Japan,exports,iron_steel_and_ferro-alloys,Ferro-silicon,4888.0,4287.0,5592.0,,,,,,,
Japan,exports,iron_steel_and_ferro-alloys,"Ingots, blooms, billets",1499028.0,3083080.0,3967363.0,,,,,,,
Japan,exports,iron_steel_and_ferro-alloys,Other ferro-alloys,3625.0,3470.0,2441.0,,,,,,,
Japan,exports,iron_steel_and_ferro-alloys,Pig iron,223775.0,528602.0,678805.0,,,,,,,
Japan,exports,iron_steel_and_ferro-alloys,Scrap,2895444.0,6150682.0,6034602.0,,,,,,,
Japan,exports,iron_steel_and_ferro-alloys,Silicon metal,3269.0,3486.0,4240.0,,,,,,,
Japan,exports,iron_steel_and_ferro-alloys,Sponge & powder,44058.0,37266.0,57270.0,,,,,,,
Jordan,exports,iron_steel_and_ferro-alloys,Scrap,16749.0,13631.0,9650.0,,,,,,,
Kazakhstan,exports,iron_steel_and_ferro-alloys,Ferro-chrome,655910.0,,,,,,,,,
Kazakhstan,exports,iron_steel_and_ferro-alloys,Ferro-manganese,782.0,,,,,,,,,
Kazakhstan,exports,iron_steel_and_ferro-alloys,Ferro-phosphorus,,4881.0,4672.0,,,,,,,
Kazakhstan,exports,iron_steel_and_ferro-alloys,Ferro-silico-chrome,16507.0,30246.0,43501.0,,,,,,,
Kazakhstan,exports,iron_steel_and_ferro-alloys,Ferro-silico-manganese,89850.0,111458.0,158628.0,,,,,,,
Kazakhstan,exports,iron_steel_and_ferro-alloys,Ferro-silicon,74635.0,,,,,,,,,
Kazakhstan,exports,iron_steel_and_ferro-alloys,"Ingots, blooms, billets",211784.0,246650.0,64383.0,,,,,,,
Kazakhstan,exports,iron_steel_and_ferro-alloys,Other ferro-alloys,7660.0,680884.0,743915.0,,,,,,,
Kazakhstan,exports,iron_steel_and_ferro-alloys,Scrap,2136493.0,2107186.0,1309949.0,,,,,,,
Korea (Rep. of),exports,iron_steel_and_ferro-alloys,Ferro-manganese,17033.0,12616.0,14870.0,,,,,,,
Korea (Rep. of),exports,iron_steel_and_ferro-alloys,Ferro-silico-manganese,15490.0,14978.0,12529.0,,,,,,,
Korea (Rep. of),exports,iron_steel_and_ferro-alloys,Ferro-vanadium,458.0,123.0,263.0,,,,,,,
Korea (Rep. of),exports,iron_steel_and_ferro-alloys,"Ingots, blooms, billets",124125.0,418033.0,199388.0,,,,,,,
Korea (Rep. of),exports,iron_steel_and_ferro-alloys,Other ferro-alloys,6493.0,7107.0,6742.0,,,,,,,
Korea (Rep. of),exports,iron_steel_and_ferro-alloys,Scrap,37235.0,61856.0,118349.0,,,,,,,
Korea (Rep. of),exports,iron_steel_and_ferro-alloys,Silicon metal,9394.0,1933.0,311.0,,,,,,,
"Korea, Dem. P.R. of",exports,iron_steel_and_ferro-alloys,Ferro-alloys,1700.0,3100.0,3200.0,,,,,,,
"Korea, Dem. P.R. of",exports,iron_steel_and_ferro-alloys,"Ingots, blooms, billets",36900.0,50500.0,58000.0,,,,,,,
"Korea, Dem. P.R. of",exports,iron_steel_and_ferro-alloys,Pig iron,100000.0,132300.0,146200.0,,,,,,,
"Korea, Dem. P.R. of",exports,iron_steel_and_ferro-alloys,Scrap,30000.0,66700.0,125600.0,,,,,,,
Kuwait,exports,iron_steel_and_ferro-alloys,Scrap,240082.0,,,,,,,,,
Kyrgyzstan,exports,iron_steel_and_ferro-alloys,Scrap,40538.0,122203.0,202738.0,,,,,,,
Latvia,exports,iron_steel_and_ferro-alloys,Ferro-chrome,8800.0,24000.0,11000.0,,,,,,,204.0
Latvia,exports,iron_steel_and_ferro-alloys,Ferro-manganese,,,,,,,,,1343.0,402.0
Latvia,exports,iron_steel_and_ferro-alloys,Ferro-silico-manganese,,,,,,,,,,
Latvia,exports,iron_steel_and_ferro-alloys,Ferro-silicon,,,,,,,,,,1.0
Latvia,exports,iron_steel_and_ferro-alloys,"Ingots, blooms, billets",,,,,306.0,667.0,2626.0,4371.0,4010.0,2323.0
Latvia,exports,iron_steel_and_ferro-alloys,Scrap,96674.0,37885.0,6328.0,6415.0,64936.0,217361.0,313455.0,245958.0,388456.0,213766.0
Lebanon,exports,iron_steel_and_ferro-alloys,Scrap,148853.0,184781.0,,,,,,,,
Lithuania,exports,iron_steel_and_ferro-alloys,Ferro-alloys,,,,,,13293.0,17952.0,15437.0,11188.0,3093.0
Lithuania,exports,iron_steel_and_ferro-alloys,Scrap,396627.0,563394.0,704948.0,618231.0,677727.0,599084.0,681692.0,661349.0,659646.0,422436.0
Luxembourg,exports,iron_steel_and_ferro-alloys,"Ingots, blooms, billets",,,,,,,148004.0,81112.0,49843.0,16793.0
Luxembourg,exports,iron_steel_and_ferro-alloys,Scrap,,,,,,,268855.0,311114.0,504067.0,114924.0
Macao,exports,iron_steel_and_ferro-alloys,Scrap,16221.0,8842.0,14348.0,,,,,,,
Malaysia,exports,iron_steel_and_ferro-alloys,"Ingots, blooms, billets",7910.0,39292.0,,,,,,,,
Malaysia,exports,iron_steel_and_ferro-alloys,Scrap,43294.0,,,,,,,,,
Malaysia,exports,iron_steel_and_ferro-alloys,Sponge & powder,369123.0,503291.0,,,,,,,,
Malta,exports,iron_steel_and_ferro-alloys,Scrap,11197.0,18594.0,20322.0,23093.0,12424.0,5252.0,19012.0,28083.0,25379.0,27775.0
Mauritius,exports,iron_steel_and_ferro-alloys,Scrap,18009.0,16481.0,16227.0,,,,,,,
Mexico,exports,iron_steel_and_ferro-alloys,Ferro-manganese,34237.0,27388.0,12321.0,,,,,,,
Mexico,exports,iron_steel_and_ferro-alloys,Ferro-silico-manganese,49864.0,19029.0,9975.0,,,,,,,
Mexico,exports,iron_steel_and_ferro-alloys,"Ingots, blooms, billets",2491835.0,1445758.0,1891355.0,,,,,,,
Mexico,exports,iron_steel_and_ferro-alloys,Other ferro-alloys,1166.0,1009.0,1949.0,,,,,,,
Mexico,exports,iron_steel_and_ferro-alloys,Scrap,168949.0,167117.0,218604.0,,,,,,,
Mongolia,exports,iron_steel_and_ferro-alloys,"Ingots, blooms, billets",7800.0,2559.0,5852.0,,,,,,,
Mongolia,exports,iron_steel_and_ferro-alloys,Scrap,50000.0,,,,,,,,,
Montenegro,exports,iron_steel_and_ferro-alloys,"Ingots, blooms, billets",,,,,,,4943.0,18136.0,32159.0,15423.0
Montenegro,exports,iron_steel_and_ferro-alloys,Scrap,,,,,,,931.0,12380.0,10229.0,14442.0
Morocco,exports,iron_steel_and_ferro-alloys,Ferro-alloys,,,,,,,,,,
Morocco,exports,iron_steel_and_ferro-alloys,Scrap,145780.0,166239.0,,,,,,,,
Netherlands,exports,iron_steel_and_ferro-alloys,Ferro-chrome,24952.0,27898.0,9122.0,38469.0,70272.0,81105.0,92920.0,94048.0,103036.0,62439.0
Netherlands,exports,iron_steel_and_ferro-alloys,Ferro-manganese,28383.0,26335.0,23131.0,25842.0,53367.0,49203.0,28423.0,42958.0,65203.0,33193.0
Netherlands,exports,iron_steel_and_ferro-alloys,Ferro-molybdenum,4282.0,3401.0,1242.0,1610.0,2712.0,4304.0,5652.0,5579.0,3150.0,1894.0
Netherlands,exports,iron_steel_and_ferro-alloys,Ferro-nickel,12525.0,10796.0,4159.0,4112.0,9855.0,23252.0,42421.0,42331.0,5086.0,3564.0
Netherlands,exports,iron_steel_and_ferro-alloys,Ferro-niobium,10281.0,7512.0,130.0,131.0,47.0,126.0,217.0,1439.0,1736.0,925.0
Netherlands,exports,iron_steel_and_ferro-alloys,Ferro-phosphorus,,,,4447.0,12515.0,,,,,
Netherlands,exports,iron_steel_and_ferro-alloys,Ferro-silico-chrome,25.0,32.0,5.0,68.0,18.0,508.0,299.0,25.0,15.0,300.0
Netherlands,exports,iron_steel_and_ferro-alloys,Ferro-silico-magnesium,,,,121.0,751.0,,,,,
Netherlands,exports,iron_steel_and_ferro-alloys,Ferro-silico-manganese,9105.0,25958.0,7037.0,20830.0,16109.0,13994.0,14118.0,21432.0,17571.0,37593.0
Netherlands,exports,iron_steel_and_ferro-alloys,Ferro-silicon,1351.0,4937.0,9899.0,27511.0,27328.0,95845.0,97120.0,106764.0,71762.0,87348.0
Netherlands,exports,iron_steel_and_ferro-alloys,Ferro-titanium & Fe-Si-Ti,,780.0,225.0,213.0,660.0,6235.0,4281.0,3706.0,3046.0,2730.0
Netherlands,exports,iron_steel_and_ferro-alloys,Ferro-tungsten & Fe-Si-W,215.0,380.0,217.0,264.0,193.0,624.0,477.0,2010.0,1168.0,476.0
Netherlands,exports,iron_steel_and_ferro-alloys,Ferro-vanadium,1083.0,2194.0,910.0,2838.0,2901.0,22495.0,5855.0,7263.0,2274.0,926.0
Netherlands,exports,iron_steel_and_ferro-alloys,"Ingots, blooms, billets",511537.0,312200.0,538825.0,239603.0,309454.0,152593.0,378061.0,1111462.0,806999.0,157861.0
Netherlands,exports,iron_steel_and_ferro-alloys,Other ferro-alloys,2162.0,9767.0,9379.0,10519.0,5925.0,9700.0,5683.0,7719.0,22603.0,33000.0
Netherlands,exports,iron_steel_and_ferro-alloys,Pig iron,62714.0,62667.0,5131.0,7377.0,31821.0,40552.0,28806.0,134324.0,170468.0,89714.0
Netherlands,exports,iron_steel_and_ferro-alloys,Scrap,3101130.0,3072052.0,3064283.0,3242779.0,3859394.0,4140362.0,4786987.0,4500919.0,4523660.0,2835000.0
Netherlands,exports,iron_steel_and_ferro-alloys,Silicon metal,2098.0,14014.0,8819.0,15957.0,10319.0,40393.0,56525.0,15237.0,15547.0,46466.0
Netherlands,exports,iron_steel_and_ferro-alloys,Sponge & powder,87650.0,76545.0,107474.0,15255.0,15794.0,46464.0,22899.0,,,140.0
New Caledonia,exports,iron_steel_and_ferro-alloys,Ferro-nickel,154103.0,154862.0,159106.0,,,,,,,
New Zealand,exports,iron_steel_and_ferro-alloys,"Ingots, blooms, billets",4936.0,3688.0,9467.0,,,,,,,
New Zealand,exports,iron_steel_and_ferro-alloys,Scrap,135000.0,158519.0,141360.0,,,,,,,
Nicaragua,exports,iron_steel_and_ferro-alloys,Scrap,12508.0,11722.0,9930.0,,,,,,,
North Macedonia,exports,iron_steel_and_ferro-alloys,Ferro-manganese,,,,,,,,,,773.0
North Macedonia,exports,iron_steel_and_ferro-alloys,Ferro-nickel,,,15162.0,17304.0,16260.0,34419.0,45058.0,71189.0,,91800.0
North Macedonia,exports,iron_steel_and_ferro-alloys,Ferro-silico-manganese,,,6.0,53.0,138.0,1673.0,6682.0,48258.0,,10938.0
North Macedonia,exports,iron_steel_and_ferro-alloys,Ferro-silicon,42584.0,29099.0,716.0,44583.0,67929.0,74450.0,62794.0,30139.0,257000.0,16621.0
North Macedonia,exports,iron_steel_and_ferro-alloys,Other ferro-alloys,16720.0,9433.0,,,,,,,,
North Macedonia,exports,iron_steel_and_ferro-alloys,Scrap,42615.0,4558.0,5922.0,26935.0,61690.0,85745.0,98763.0,124200.0,104326.0,59407.0
Norway,exports,iron_steel_and_ferro-alloys,Ferro-chrome,172700.0,76100.0,87500.0,1900.0,600.0,200.0,200.0,100.0,80.0,0.0
Norway,exports,iron_steel_and_ferro-alloys,Ferro-manganese,205400.0,193000.0,169600.0,214100.0,336800.0,274200.0,287500.0,329400.0,354000.0,203000.0
Norway,exports,iron_steel_and_ferro-alloys,Ferro-silico-manganese,232125.0,275291.0,240477.0,255243.0,264163.0,289497.0,306932.0,280028.0,257804.0,200279.0
Norway,exports,iron_steel_and_ferro-alloys,Ferro-silicon,407164.0,324858.0,251252.0,194246.0,256018.0,179503.0,90556.0,155198.0,209669.0,115682.0
Norway,exports,iron_steel_and_ferro-alloys,"Ingots, blooms, billets",177302.0,110888.0,126094.0,160127.0,148514.0,151882.0,180500.0,176755.0,62625.0,106505.0
Norway,exports,iron_steel_and_ferro-alloys,Other ferro-alloys,54776.0,48994.0,49366.0,53913.0,59696.0,55564.0,58033.0,61606.0,57777.0,16247.0
Norway,exports,iron_steel_and_ferro-alloys,Pig iron,27900.0,46600.0,119400.0,118400.0,123600.0,66800.0,149400.0,119800.0,110100.0,75000.0
Norway,exports,iron_steel_and_ferro-alloys,Scrap,139044.0,150020.0,227592.0,263510.0,270903.0,267051.0,337088.0,290644.0,269370.0,228138.0
Norway,exports,iron_steel_and_ferro-alloys,Silicon metal,154807.0,153017.0,150681.0,151476.0,176458.0,168790.0,152514.0,144607.0,155385.0,109254.0
Norway,exports,iron_steel_and_ferro-alloys,Sponge & powder,,,,,,,,,798.0,286.0
Oman,exports,iron_steel_and_ferro-alloys,Scrap,28433.0,26948.0,11420.0,,,,,,,
Philippines,exports,iron_steel_and_ferro-alloys,Scrap,76801.0,181084.0,,,,,,,,
Poland,exports,iron_steel_and_ferro-alloys,Ferro-manganese & Fe-Si-Mn,,20.0,3637.0,1451.0,66666.0,22713.0,11954.0,20412.0,37978.0,21640.0
Poland,exports,iron_steel_and_ferro-alloys,Ferro-silicon,50497.0,50649.0,43021.0,84406.0,85538.0,64974.0,16023.0,46923.0,52976.0,16401.0
Poland,exports,iron_steel_and_ferro-alloys,"Ingots, blooms, billets",1256739.0,948473.0,1034776.0,975777.0,1585494.0,1249618.0,964361.0,1575099.0,1580450.0,664035.0
Poland,exports,iron_steel_and_ferro-alloys,Other ferro-alloys,9298.0,10522.0,96.0,86.0,195.0,915.0,1630.0,2221.0,2932.0,2655.0
Poland,exports,iron_steel_and_ferro-alloys,Pig iron,137667.0,40670.0,3003.0,16023.0,57696.0,4917.0,19286.0,7481.0,5189.0,10543.0
Poland,exports,iron_steel_and_ferro-alloys,Scrap,987895.0,1269594.0,1535305.0,1804181.0,1973116.0,1426831.0,1197827.0,1199620.0,1368952.0,978862.0
Poland,exports,iron_steel_and_ferro-alloys,Silicon metal,,,,,,,,,893.0,1033.0
Poland,exports,iron_steel_and_ferro-alloys,Sponge & powder,,,,,,,,2350.0,3838.0,4448.0
Portugal,exports,iron_steel_and_ferro-alloys,Ferro-alloys,,,,,,,,206.0,546.0,255.0
Portugal,exports,iron_steel_and_ferro-alloys,"Ingots, blooms, billets",107702.0,44980.0,15058.0,33032.0,184547.0,159868.0,79697.0,138692.0,164425.0,136284.0
Portugal,exports,iron_steel_and_ferro-alloys,Pig iron,,,,,,,,4196.0,1.0,51.0
Portugal,exports,iron_steel_and_ferro-alloys,Scrap,172330.0,246777.0,231761.0,201189.0,259297.0,330536.0,479017.0,378043.0,172133.0,216037.0
Qatar,exports,iron_steel_and_ferro-alloys,Scrap,,2718.0,4495.0,,,,,,,
Romania,exports,iron_steel_and_ferro-alloys,Ferro-alloys,61255.0,,,,,,,,,
Romania,exports,iron_steel_and_ferro-alloys,Ferro-chrome,,,,,,,,8.0,161.0,3543.0
Romania,exports,iron_steel_and_ferro-alloys,Ferro-manganese,,,,,,,,222.0,701.0,1801.0
Romania,exports,iron_steel_and_ferro-alloys,Ferro-niobium,,,,,,,,418.0,123.0,72.0
Romania,exports,iron_steel_and_ferro-alloys,Ferro-silico-manganese,,,,124557.0,179788.0,142617.0,41000.0,33529.0,5793.0,8120.0
Romania,exports,iron_steel_and_ferro-alloys,Ferro-silicon,,,,,,,,396.0,444.0,727.0
Romania,exports,iron_steel_and_ferro-alloys,"Ingots, blooms, billets",59291.0,435748.0,162991.0,130415.0,161438.0,100515.0,87685.0,183551.0,220136.0,51644.0
Romania,exports,iron_steel_and_ferro-alloys,Other ferro-alloys,61255.0,66286.0,88368.0,2529.0,3891.0,8657.0,3561.0,136.0,197.0,130.0
Romania,exports,iron_steel_and_ferro-alloys,Pig iron,7473.0,2548.0,2686.0,6367.0,3339.0,,,,,
Romania,exports,iron_steel_and_ferro-alloys,Scrap,2289430.0,1679265.0,2070119.0,2386017.0,2394490.0,1661747.0,1862498.0,1963213.0,1985977.0,2565443.0
Romania,exports,iron_steel_and_ferro-alloys,Sponge & powder,7767.0,7264.0,7797.0,6886.0,9187.0,12522.0,12851.0,17832.0,18697.0,18807.0
Russia,exports,iron_steel_and_ferro-alloys,Ferro-chrome,161496.0,115852.0,113457.0,,,,,,,
Russia,exports,iron_steel_and_ferro-alloys,Ferro-manganese,3062.0,2696.0,779.0,,,,,,,
Russia,exports,iron_steel_and_ferro-alloys,Ferro-molybdenum,34.0,29.0,66.0,,,,,,,
Russia,exports,iron_steel_and_ferro-alloys,Ferro-nickel,4681.0,2373.0,4172.0,,,,,,,
Russia,exports,iron_steel_and_ferro-alloys,Ferro-silico-chrome,6346.0,,1840.0,,,,,,,
Russia,exports,iron_steel_and_ferro-alloys,Ferro-silico-manganese,8164.0,9473.0,19900.0,,,,,,,
Russia,exports,iron_steel_and_ferro-alloys,Ferro-silicon,193217.0,212955.0,217096.0,,,,,,,
Russia,exports,iron_steel_and_ferro-alloys,Ferro-titanium & Fe-Si-Ti,14197.0,12826.0,18926.0,,,,,,,
Russia,exports,iron_steel_and_ferro-alloys,Ferro-vanadium,5902.0,6768.0,4838.0,,,,,,,
Russia,exports,iron_steel_and_ferro-alloys,"Ingots, blooms, billets",12677967.0,13188222.0,12517441.0,,,,,,,
Russia,exports,iron_steel_and_ferro-alloys,Other ferro-alloys,1307.0,1690.0,3180.0,,,,,,,
Russia,exports,iron_steel_and_ferro-alloys,Pig iron,3573846.0,3494786.0,4084928.0,,,,,,,
Russia,exports,iron_steel_and_ferro-alloys,Scrap,6821894.0,5718809.0,5765727.0,,,,,,,
Russia,exports,iron_steel_and_ferro-alloys,Silicon metal,44502.0,53136.0,48854.0,,,,,,,
Russia,exports,iron_steel_and_ferro-alloys,Sponge & powder,481895.0,662723.0,1200740.0,,,,,,,
Saudi Arabia,exports,iron_steel_and_ferro-alloys,Ferro-alloys,2163.0,1463.0,913.0,,,,,,,
Saudi Arabia,exports,iron_steel_and_ferro-alloys,Pig iron,704.0,26577.0,8016.0,,,,,,,
Saudi Arabia,exports,iron_steel_and_ferro-alloys,Scrap,1198.0,323.0,914.0,,,,,,,
Saudi Arabia,exports,iron_steel_and_ferro-alloys,Silicon metal,8938.0,3910.0,808.0,,,,,,,
Saudi Arabia,exports,iron_steel_and_ferro-alloys,Sponge,,,,,,,,,,
Senegal,exports,iron_steel_and_ferro-alloys,Scrap,5000.0,18399.0,19744.0,,,,,,,
Serbia,exports,iron_steel_and_ferro-alloys,"Ingots, blooms, billets",,,,,,,,849.0,632.0,46587.0
Serbia,exports,iron_steel_and_ferro-alloys,Pig iron,,,,,,,,58744.0,81427.0,71778.0
Serbia,exports,iron_steel_and_ferro-alloys,Scrap,,,,,,,,441098.0,345813.0,328763.0
Serbia and Montenegro,exports,iron_steel_and_ferro-alloys,Ferro-alloys,6587.0,5.0,89.0,,,,,,,
Serbia and Montenegro,exports,iron_steel_and_ferro-alloys,Scrap,42871.0,40947.0,72715.0,,,,,,,
Singapore,exports,iron_steel_and_ferro-alloys,Ferro-alloys,340.0,200.0,448.0,,,,,,,
Singapore,exports,iron_steel_and_ferro-alloys,"Ingots, blooms, billets",18558.0,7418.0,10441.0,,,,,,,
Singapore,exports,iron_steel_and_ferro-alloys,Scrap,517024.0,505604.0,390007.0,,,,,,,
Slovakia,exports,iron_steel_and_ferro-alloys,Ferro-chrome,,,,,,,,9530.0,10830.0,4029.0
Slovakia,exports,iron_steel_and_ferro-alloys,Ferro-manganese,39221.0,36573.0,47074.0,37139.0,57440.0,41918.0,59475.0,49723.0,48747.0,19204.0
Slovakia,exports,iron_steel_and_ferro-alloys,Ferro-molybdenum,,,,,,,,49.0,222.0,119.0
Slovakia,exports,iron_steel_and_ferro-alloys,Ferro-silico-manganese,51409.0,47734.0,56484.0,54945.0,66902.0,51623.0,73050.0,62898.0,55873.0,37792.0
Slovakia,exports,iron_steel_and_ferro-alloys,Ferro-silicon,58058.0,53701.0,39550.0,42018.0,40135.0,29130.0,25240.0,16437.0,21352.0,15823.0
Slovakia,exports,iron_steel_and_ferro-alloys,"Ingots, blooms, billets",53720.0,202645.0,191414.0,125822.0,286072.0,289090.0,654743.0,508620.0,241811.0,255917.0
Slovakia,exports,iron_steel_and_ferro-alloys,Other ferro-alloys,25904.0,18111.0,14541.0,10013.0,11834.0,10741.0,8033.0,4025.0,4384.0,1129.0
Slovakia,exports,iron_steel_and_ferro-alloys,Pig iron,37392.0,23551.0,13213.0,37145.0,73303.0,31261.0,50497.0,10588.0,20676.0,29779.0
Slovakia,exports,iron_steel_and_ferro-alloys,Scrap,274525.0,375552.0,450126.0,497645.0,544714.0,390620.0,524597.0,404401.0,525777.0,318290.0
Slovenia,exports,iron_steel_and_ferro-alloys,Ferro-alloys,25967.0,27200.0,31083.0,,,,,,,
Slovenia,exports,iron_steel_and_ferro-alloys,Ferro-chrome,,,,,,,,3263.0,3419.0,3648.0
Slovenia,exports,iron_steel_and_ferro-alloys,Ferro-manganese,,,,,,,,1366.0,1090.0,1056.0
Slovenia,exports,iron_steel_and_ferro-alloys,Ferro-silico-manganese,,,,,,,,2939.0,1243.0,1938.0
Slovenia,exports,iron_steel_and_ferro-alloys,Ferro-silicon,,,,18679.0,25894.0,24290.0,26859.0,15277.0,20826.0,6628.0
Slovenia,exports,iron_steel_and_ferro-alloys,Ferro-titanium & Fe-Si-Ti,,,,,,,,722.0,521.0,50.0
Slovenia,exports,iron_steel_and_ferro-alloys,"Ingots, blooms, billets",13638.0,11953.0,8292.0,13311.0,15327.0,12647.0,12273.0,31849.0,21006.0,12296.0
Slovenia,exports,iron_steel_and_ferro-alloys,Other ferro-alloys,,,,15741.0,11820.0,27120.0,22497.0,1595.0,6243.0,3297.0
Slovenia,exports,iron_steel_and_ferro-alloys,Pig iron,,,,770.0,574.0,752.0,3511.0,14942.0,24639.0,4412.0
Slovenia,exports,iron_steel_and_ferro-alloys,Scrap,114018.0,136041.0,126233.0,113448.0,186726.0,225627.0,222403.0,245869.0,199016.0,284958.0
Slovenia,exports,iron_steel_and_ferro-alloys,Silicon metal,0.0,,40.0,188.0,1608.0,252.0,3006.0,1875.0,1149.0,3049.0
South Africa,exports,iron_steel_and_ferro-alloys,Ferro-chrome,2118562.0,1975679.0,2189878.0,,,,,,,
South Africa,exports,iron_steel_and_ferro-alloys,Ferro-manganese,458131.0,405876.0,475600.0,,,,,,,
South Africa,exports,iron_steel_and_ferro-alloys,Ferro-silico-manganese,221850.0,210359.0,215259.0,,,,,,,
South Africa,exports,iron_steel_and_ferro-alloys,Ferro-silicon,36579.0,31400.0,73000.0,,,,,,,
South Africa,exports,iron_steel_and_ferro-alloys,Ferro-vanadium,,9854.0,10165.0,,,,,,,
South Africa,exports,iron_steel_and_ferro-alloys,"Ingots, blooms, billets",597410.0,643753.0,713098.0,,,,,,,
South Africa,exports,iron_steel_and_ferro-alloys,Other ferro-alloys,919.0,380.0,799.0,,,,,,,
South Africa,exports,iron_steel_and_ferro-alloys,Pig iron,499458.0,523755.0,902280.0,,,,,,,
South Africa,exports,iron_steel_and_ferro-alloys,Scrap,1363045.0,505107.0,1253603.0,,,,,,,
South Africa,exports,iron_steel_and_ferro-alloys,Silicon metal,40955.0,39400.0,29700.0,,,,,,,
South Africa,exports,iron_steel_and_ferro-alloys,Sponge & powder,5891.0,11112.0,17396.0,,,,,,,
Spain,exports,iron_steel_and_ferro-alloys,Ferro-chrome,1257.0,466.0,472.0,369.0,551.0,775.0,1024.0,2461.0,4768.0,367.0
Spain,exports,iron_steel_and_ferro-alloys,Ferro-manganese,42861.0,66834.0,73506.0,62260.0,82733.0,101850.0,91018.0,71345.0,65330.0,29403.0
Spain,exports,iron_steel_and_ferro-alloys,Ferro-molybdenum,362.0,120.0,326.0,342.0,60.0,331.0,317.0,70.0,45.0,242.0
Spain,exports,iron_steel_and_ferro-alloys,Ferro-silico-manganese,27949.0,34622.0,29297.0,44214.0,40130.0,42916.0,32806.0,33636.0,34307.0,25859.0
Spain,exports,iron_steel_and_ferro-alloys,Ferro-silicon,4666.0,5826.0,14730.0,13140.0,19332.0,11843.0,7759.0,18323.0,9562.0,5939.0
Spain,exports,iron_steel_and_ferro-alloys,"Ingots, blooms, billets",376331.0,263813.0,241944.0,182247.0,130079.0,118414.0,114897.0,91085.0,310671.0,261758.0
Spain,exports,iron_steel_and_ferro-alloys,Other ferro-alloys,304.0,1120.0,750.0,891.0,558.0,992.0,493.0,6044.0,393.0,208.0
Spain,exports,iron_steel_and_ferro-alloys,Pig iron,2065.0,2900.0,4177.0,2751.0,3258.0,12709.0,4202.0,12491.0,9747.0,4772.0
Spain,exports,iron_steel_and_ferro-alloys,Scrap,52770.0,45419.0,93970.0,103413.0,205298.0,140200.0,137273.0,162371.0,214913.0,302465.0
Spain,exports,iron_steel_and_ferro-alloys,Silicon metal,15379.0,14027.0,17621.0,11035.0,13254.0,16742.0,16566.0,16175.0,16008.0,5571.0
Spain,exports,iron_steel_and_ferro-alloys,Sponge & powder,3074.0,4956.0,3920.0,4447.0,4914.0,4397.0,4030.0,6404.0,4763.0,2566.0
Sri Lanka,exports,iron_steel_and_ferro-alloys,Scrap,50426.0,38945.0,31754.0,,,,,,,
Sudan,exports,iron_steel_and_ferro-alloys,Scrap,6268.0,12283.0,21127.0,,,,,,,
Suriname,exports,iron_steel_and_ferro-alloys,Scrap,4000.0,,,,,,,,,
Sweden,exports,iron_steel_and_ferro-alloys,Ferro-chrome,53700.0,1023.0,617.0,1070.0,1830.0,1801.0,1973.0,2247.0,3534.0,35886.0
Sweden,exports,iron_steel_and_ferro-alloys,Ferro-manganese & Fe-Si-Mn,1050.0,1189.0,6903.0,1159.0,1605.0,3456.0,2584.0,3859.0,3620.0,2423.0
Sweden,exports,iron_steel_and_ferro-alloys,Ferro-molybdenum,134.0,65.0,745.0,71.0,87.0,158.0,157.0,304.0,301.0,193.0
Sweden,exports,iron_steel_and_ferro-alloys,Ferro-phosphorus,565.0,399.0,1203.0,463.0,281.0,294.0,706.0,1128.0,1370.0,364.0
Sweden,exports,iron_steel_and_ferro-alloys,Ferro-silico-magnesium,2636.0,1102.0,392.0,479.0,235.0,60.0,739.0,1260.0,,
Sweden,exports,iron_steel_and_ferro-alloys,Ferro-silicon,564.0,762.0,736.0,182.0,441.0,731.0,1968.0,2892.0,2616.0,3004.0
Sweden,exports,iron_steel_and_ferro-alloys,Ferro-vanadium,30.0,24.0,427.0,27.0,99.0,249.0,61.0,135.0,112.0,250.0
Sweden,exports,iron_steel_and_ferro-alloys,"Ingots, blooms, billets",92258.0,197800.0,297913.0,166876.0,367562.0,232958.0,116880.0,134568.0,102086.0,58631.0
Sweden,exports,iron_steel_and_ferro-alloys,Other ferro-alloys,458.0,3138.0,6903.0,585.0,2280.0,1171.0,1289.0,216.0,895.0,330.0
Sweden,exports,iron_steel_and_ferro-alloys,Pig iron,27611.0,35593.0,30079.0,118378.0,116550.0,99496.0,145733.0,152911.0,62588.0,141261.0
Sweden,exports,iron_steel_and_ferro-alloys,Scrap,473534.0,560297.0,722509.0,708654.0,741254.0,863474.0,847179.0,1069335.0,1449311.0,1439126.0
Sweden,exports,iron_steel_and_ferro-alloys,Silicon metal,475.0,1766.0,6742.0,2790.0,6387.0,6049.0,2321.0,1474.0,2458.0,968.0
Sweden,exports,iron_steel_and_ferro-alloys,Sponge & powder,13929.0,11324.0,11356.0,9311.0,12306.0,9064.0,15238.0,26666.0,19844.0,296251.0
Switzerland,exports,iron_steel_and_ferro-alloys,Ferro-alloys,,,591.0,907.0,1261.0,867.0,616.0,653.0,642.0,943.0
Switzerland,exports,iron_steel_and_ferro-alloys,"Ingots, blooms, billets",2470.0,2459.0,31317.0,51008.0,51639.0,83219.0,88289.0,104433.0,65257.0,48349.0
Switzerland,exports,iron_steel_and_ferro-alloys,Scrap,401561.0,457523.0,412341.0,451452.0,539629.0,561972.0,582567.0,585342.0,636462.0,565415.0
Switzerland,exports,iron_steel_and_ferro-alloys,Sponge & powder,,,1018.0,1247.0,1679.0,2222.0,2233.0,2537.0,2126.0,1564.0
Syria,exports,iron_steel_and_ferro-alloys,Scrap,,,22803.0,,,,,,,
Taiwan,exports,iron_steel_and_ferro-alloys,Ferro-silicon,1805.0,837.0,1035.0,,,,,,,
Taiwan,exports,iron_steel_and_ferro-alloys,"Ingots, blooms, billets",92779.0,66623.0,64106.0,,,,,,,
Taiwan,exports,iron_steel_and_ferro-alloys,Other ferro-alloys,813.0,828.0,1448.0,,,,,,,
Taiwan,exports,iron_steel_and_ferro-alloys,Pig iron,6103.0,45233.0,11274.0,,,,,,,
Taiwan,exports,iron_steel_and_ferro-alloys,Scrap,149695.0,175284.0,131606.0,,,,,,,
Taiwan,exports,iron_steel_and_ferro-alloys,Silicon metal,1476.0,1976.0,905.0,,,,,,,
Thailand,exports,iron_steel_and_ferro-alloys,Scrap,99960.0,102465.0,87122.0,,,,,,,
Thailand,exports,iron_steel_and_ferro-alloys,Sponge & powder,3295.0,2955.0,3545.0,,,,,,,
Trinidad & Tobago,exports,iron_steel_and_ferro-alloys,"Ingots, blooms, billets",3119.0,14800.0,0.0,,,,,,,
Trinidad & Tobago,exports,iron_steel_and_ferro-alloys,Sponge,678073.0,1146584.0,1348964.0,,,,,,,
Tunisia,exports,iron_steel_and_ferro-alloys,Scrap,51712.0,88288.0,,,,,,,,
Turkey,exports,iron_steel_and_ferro-alloys,Ferro-chrome,68597.0,15446.0,61163.0,53695.0,16286.0,39038.0,60952.0,63209.0,39324.0,75236.0
Turkey,exports,iron_steel_and_ferro-alloys,Ferro-manganese,,,,,,,,3318.0,2466.0,1614.0
Turkey,exports,iron_steel_and_ferro-alloys,Ferro-silico-manganese,,,,,,,,216.0,677.0,2247.0
Turkey,exports,iron_steel_and_ferro-alloys,Ferro-silicon,,,,,,,,3117.0,1464.0,1280.0
Turkey,exports,iron_steel_and_ferro-alloys,"Ingots, blooms, billets",1262574.0,2132421.0,2734188.0,3178909.0,3769934.0,2174257.0,1630209.0,1660642.0,2501135.0,2431211.0
Turkey,exports,iron_steel_and_ferro-alloys,Other ferro-alloys,742.0,673.0,1156.0,1111.0,5092.0,1356.0,1747.0,472.0,1075.0,1059.0
Turkey,exports,iron_steel_and_ferro-alloys,Pig iron,94231.0,109862.0,12895.0,1060.0,50165.0,9358.0,1150.0,0.0,10372.0,10616.0
Turkey,exports,iron_steel_and_ferro-alloys,Scrap,28583.0,28937.0,34512.0,48741.0,82460.0,64281.0,44474.0,29237.0,77654.0,66673.0
Turkey,exports,iron_steel_and_ferro-alloys,Sponge & powder,,,,,,,,0.0,520.0,219.0
USA,exports,iron_steel_and_ferro-alloys,Ferro-chrome & ferro-silico-chrome,51101.0,25727.0,37802.0,,,,,,,
USA,exports,iron_steel_and_ferro-alloys,Ferro-manganese,19336.0,19443.0,17903.0,,,,,,,
USA,exports,iron_steel_and_ferro-alloys,Ferro-molybdenum,1575.0,1427.0,1890.0,,,,,,,
USA,exports,iron_steel_and_ferro-alloys,Ferro-nickel,62.0,135.0,69.0,,,,,,,
USA,exports,iron_steel_and_ferro-alloys,Ferro-niobium,60.0,162.0,250.0,,,,,,,
USA,exports,iron_steel_and_ferro-alloys,Ferro-phosphorus,4879.0,2590.0,,,,,,,,
USA,exports,iron_steel_and_ferro-alloys,Ferro-silico-manganese,5292.0,6521.0,5293.0,,,,,,,
USA,exports,iron_steel_and_ferro-alloys,Ferro-silicon,47905.0,25280.0,18581.0,,,,,,,
USA,exports,iron_steel_and_ferro-alloys,Ferro-vanadium,271.0,142.0,194.0,,,,,,,
USA,exports,iron_steel_and_ferro-alloys,"Ingots, blooms, billets",106085.0,135423.0,180998.0,,,,,,,
USA,exports,iron_steel_and_ferro-alloys,Other ferro-alloys,5106.0,8513.0,11511.0,,,,,,,
USA,exports,iron_steel_and_ferro-alloys,Pig iron,76137.0,46039.0,39683.0,,,,,,,
USA,exports,iron_steel_and_ferro-alloys,Scrap,5938113.0,7407847.0,9088650.0,,,,,,,
USA,exports,iron_steel_and_ferro-alloys,Silicon metal,21552.0,16585.0,17396.0,,,,,,,
USA,exports,iron_steel_and_ferro-alloys,Sponge & powder,53582.0,39881.0,105635.0,,,,,,,
Ukraine,exports,iron_steel_and_ferro-alloys,Ferro-manganese,194351.0,167000.0,122000.0,,,,,,,
Ukraine,exports,iron_steel_and_ferro-alloys,Ferro-nickel,9736.0,30704.0,18900.0,,,,,,,
Ukraine,exports,iron_steel_and_ferro-alloys,Ferro-silico-manganese,465814.0,374200.0,447700.0,,,,,,,
Ukraine,exports,iron_steel_and_ferro-alloys,Ferro-silicon,838230.0,,,,,,,,,
Ukraine,exports,iron_steel_and_ferro-alloys,"Ingots, blooms, billets",9361509.0,,,,,,,,,
Ukraine,exports,iron_steel_and_ferro-alloys,Other ferro-alloys,3662.0,7100.0,14600.0,,,,,,,
Ukraine,exports,iron_steel_and_ferro-alloys,Pig iron,1612051.0,826700.0,937500.0,,,,,,,
Ukraine,exports,iron_steel_and_ferro-alloys,Scrap,5188159.0,4510000.0,,,,,,,,
United Kingdom,exports,iron_steel_and_ferro-alloys,Ferro-alloys,38005.0,36495.0,44191.0,39659.0,55578.0,49637.0,41879.0,41841.0,40986.0,28899.0
United Kingdom,exports,iron_steel_and_ferro-alloys,Ferro-chrome,,,,,,,,,1376.0,1475.0
United Kingdom,exports,iron_steel_and_ferro-alloys,Ferro-chrome & ferro-silico-chrome,876.0,1206.0,814.0,1711.0,2384.0,6238.0,4066.0,2973.0,,
United Kingdom,exports,iron_steel_and_ferro-alloys,Ferro-manganese,1327.0,792.0,1874.0,434.0,1554.0,661.0,946.0,1136.0,1210.0,963.0
United Kingdom,exports,iron_steel_and_ferro-alloys,Ferro-molybdenum,7251.0,9278.0,11965.0,14081.0,14213.0,11501.0,12004.0,11823.0,11283.0,7634.0
United Kingdom,exports,iron_steel_and_ferro-alloys,Ferro-nickel,9.0,104.0,368.0,424.0,125.0,55.0,329.0,52.0,81.0,18.0
United Kingdom,exports,iron_steel_and_ferro-alloys,Ferro-niobium,107.0,280.0,46.0,59.0,47.0,79.0,74.0,49.0,58.0,52.0
United Kingdom,exports,iron_steel_and_ferro-alloys,Ferro-phosphorus,22.0,26.0,57.0,109.0,1336.0,189.0,36.0,33.0,45.0,312.0
United Kingdom,exports,iron_steel_and_ferro-alloys,Ferro-silico-chrome,19.0,52.0,10.0,25.0,25.0,8.0,8.0,35.0,9.0,50.0
United Kingdom,exports,iron_steel_and_ferro-alloys,Ferro-silico-magnesium,1543.0,1453.0,431.0,282.0,316.0,542.0,653.0,917.0,976.0,458.0
United Kingdom,exports,iron_steel_and_ferro-alloys,Ferro-silico-manganese,1307.0,8.0,116.0,42.0,8247.0,5003.0,60.0,7.0,49.0,65.0
United Kingdom,exports,iron_steel_and_ferro-alloys,Ferro-silicon,1400.0,2247.0,3155.0,1845.0,2699.0,2652.0,2733.0,2314.0,3250.0,3338.0
United Kingdom,exports,iron_steel_and_ferro-alloys,Ferro-titanium & Fe-Si-Ti,18839.0,16422.0,16334.0,14676.0,20703.0,17361.0,17645.0,19515.0,18557.0,13098.0
United Kingdom,exports,iron_steel_and_ferro-alloys,Ferro-tungsten & Fe-Si-W,93.0,6.0,16.0,10.0,39.0,37.0,17.0,8.0,31.0,1.0
United Kingdom,exports,iron_steel_and_ferro-alloys,Ferro-vanadium,49.0,118.0,55.0,39.0,17.0,157.0,151.0,96.0,79.0,64.0
United Kingdom,exports,iron_steel_and_ferro-alloys,"Ingots, blooms, billets",520306.0,746730.0,560796.0,1305976.0,1712102.0,2246377.0,2692654.0,3514850.0,3348794.0,2118701.0
United Kingdom,exports,iron_steel_and_ferro-alloys,Other ferro-alloys,6818.0,6013.0,9226.0,6240.0,3892.0,6167.0,3637.0,2917.0,3981.0,1373.0
United Kingdom,exports,iron_steel_and_ferro-alloys,Pig iron,679.0,6749.0,3376.0,1459.0,957.0,1387.0,5407.0,15892.0,2523.0,27765.0
United Kingdom,exports,iron_steel_and_ferro-alloys,Scrap,4378117.0,4821840.0,5538569.0,7174934.0,6772111.0,6105955.0,7407174.0,6013907.0,6616708.0,6007656.0
United Kingdom,exports,iron_steel_and_ferro-alloys,Silicon metal,1577.0,1914.0,4050.0,2699.0,1555.0,2466.0,6963.0,11325.0,15132.0,7753.0
United Kingdom,exports,iron_steel_and_ferro-alloys,Sponge & powder,2231.0,3164.0,3134.0,3666.0,4003.0,3605.0,2346.0,4969.0,2794.0,3103.0
Venezuela,exports,iron_steel_and_ferro-alloys,Ferro-nickel,0.0,34511.0,57225.0,,,,,,,
Venezuela,exports,iron_steel_and_ferro-alloys,Ferro-silico-manganese,22777.0,6199.0,9128.0,,,,,,,
Venezuela,exports,iron_steel_and_ferro-alloys,Ferro-silicon,64121.0,66219.0,76414.0,,,,,,,
Venezuela,exports,iron_steel_and_ferro-alloys,"Ingots, blooms, billets",436135.0,506649.0,601897.0,,,,,,,
Venezuela,exports,iron_steel_and_ferro-alloys,Scrap,55857.0,27886.0,33063.0,,,,,,,
Venezuela,exports,iron_steel_and_ferro-alloys,Silicon metal,378.0,213.0,4253.0,,,,,,,
Venezuela,exports,iron_steel_and_ferro-alloys,Sponge & powder,2713829.0,2814123.0,2897783.0,,,,,,,
"Yemen, Republic of",exports,iron_steel_and_ferro-alloys,Scrap,34984.0,24540.0,44040.0,,,,,,,
Zambia,exports,iron_steel_and_ferro-alloys,Ferro-alloys,222.0,215.0,1729.0,,,,,,,
Zambia,exports,iron_steel_and_ferro-alloys,Scrap,4115.0,2047.0,5978.0,,,,,,,
Zimbabwe,exports,iron_steel_and_ferro-alloys,Ferro-chrome,289481.0,265000.0,423642.0,,,,,,,
Zimbabwe,exports,iron_steel_and_ferro-alloys,Ferro-silico-chrome,,,4193.0,,,,,,,
Zimbabwe,exports,iron_steel_and_ferro-alloys,"Ingots, blooms, billets",31158.0,30000.0,68569.0,,,,,,,
Zimbabwe,exports,iron_steel_and_ferro-alloys,Scrap,46164.0,,16055.0,,,,,,,
